,Symbol,Start_Price,End_Price,Type,IPO_Date,Company Name,Return,Avg_Daily_Dollar_Vol,Sector,Return_Score,log_vol,Liquidity_Score,Composite_Score,MarketCap_B,Daily_Vol_M,ForwardPE,ProfitMargin,ROE,DebtToEquity
0,HYMC,2.18,24.4,Established,Pre-2025,HYCROFT MINING HOLDING CORP,11.19,39435189.5449,Basic Materials,1.0,17.4902,0.4513,0.8354,2.23,128.4,-149.16055,0.0,-374.6,282.689
1,CDTX,26.62,221.03,Established,Pre-2025,"Cidara Therapeutics, Inc.",8.3,243306457.1012,Healthcare,0.6678,19.3098,0.6502,0.6625,6.96,198.39,-30.70215,0.0,-68.7,0.47
2,DBGI,1.54,15.23,Established,Pre-2025,"Digital Brands Group, Inc.",9.89,934612.9546,Consumer Cyclical,0.8506,13.7479,0.0424,0.6081,0.14,3.86,,-1.64551,-162.8,40.003
3,SNDK,36.0,240.22,IPO,2025-02-13,Sandisk Corp,6.67,2228449533.807,Technology,0.4805,21.5246,0.8921,0.604,52.67,3648.55,16.717722,-0.22365,-16.2,16.661
4,CELC,13.62,100.55,Established,Pre-2025,Celcuity Inc.,7.38,87695159.5134,Healthcare,0.5621,18.2894,0.5387,0.555,4.81,65.79,-23.010315,0.0,-122.0,273.886
5,TERN,5.75,40.11,Established,Pre-2025,"Terns Pharmaceuticals, Inc.",6.98,101331245.4465,Healthcare,0.5161,18.4339,0.5544,0.5276,4.02,71.78,-30.509203,0.0,-29.1,0.362
6,AXTI,2.27,16.76,Established,Pre-2025,AXT INC,7.38,36303099.9469,Technology,0.5621,17.4074,0.4423,0.5261,1.37,206.56,-6317.5,-0.25224,-9.9,28.569
7,PVLA,13.25,100.28,Established,Pre-2025,"PALVELLA THERAPEUTICS, INC.",7.57,20913968.9982,Healthcare,0.5839,16.8559,0.382,0.5233,1.17,23.34,-24.377537,0.0,-301.2,41.417
8,AFJK,10.68,75.86,Established,Pre-2025,"Aimei Health Technology Co., Ltd.",7.1,13440591.0186,Financial Services,0.5299,16.4138,0.3337,0.471,0.4,16.79,,0.0,,
9,SATS,23.11,112.18,Established,Pre-2025,EchoStar CORP,4.85,346402068.1887,Communication Services,0.2713,19.6631,0.6888,0.3965,34.19,456.68,-35.272488,-0.85363996,-97.8,447.051
10,LITE,89.35,386.11,Established,Pre-2025,Lumentum Holdings Inc.,4.32,1075956447.7944,Technology,0.2103,20.7965,0.8126,0.391,25.01,1161.1,42.90061,0.061079998,13.4,420.108
11,MU,89.58,315.42,Established,Pre-2025,MICRON TECHNOLOGY INC,3.52,5979584264.5124,Technology,0.1184,22.5116,1.0,0.3829,379.9,9687.9,8.4667845,0.28146,22.6,21.244
12,BE,24.32,98.69,Established,Pre-2025,Bloom Energy Corp,4.06,1485888022.8016,Industrials,0.1805,21.1193,0.8479,0.3807,29.48,1198.54,115.63939,0.0084,2.9,223.775
13,PL,4.22,20.41,Established,Pre-2025,Planet Labs PBC,4.84,172018018.4409,Industrials,0.2701,18.9631,0.6123,0.3728,7.2,215.91,-305.8181,-0.45868,-31.8,131.982
14,NEGG,9.6,52.29,Established,Pre-2025,"Newegg Commerce, Inc.",5.45,35836905.1744,Consumer Cyclical,0.3402,17.3945,0.4409,0.3704,1.04,4.38,-495.09998,-0.017180001,-19.7,66.129
15,WDC,48.24,187.7,Established,Pre-2025,WESTERN DIGITAL CORP,3.89,1361722411.7064,Technology,0.1609,21.032,0.8383,0.3641,64.66,1499.35,19.350756,0.25459,29.7,
16,RHLD,35.89,206.81,IPO,2025-02-24,"Resolute Holdings Management, Inc.",5.76,11123674.6216,Industrials,0.3759,16.2246,0.313,0.357,1.73,27.19,,0.2382,,476.833
17,BMNR,7.75,27.72,IPO,2025-06-05,"BITMINE IMMERSION TECHNOLOGIES, INC.",3.58,1800627601.1399,Financial Services,0.1253,21.3114,0.8689,0.3484,13.3,1192.78,33.223297,57.19065,8.0,
18,ONDS,2.8,11.02,Established,Pre-2025,Ondas Holdings Inc.,3.94,647548039.5744,Technology,0.1667,20.2887,0.7571,0.3438,5.51,1256.26,-144.701,-1.7249401,-17.0,3.701
19,OPEN,1.65,6.07,Established,Pre-2025,Opendoor Technologies Inc.,3.68,869553699.2663,Real Estate,0.1368,20.5835,0.7893,0.3325,7.31,343.32,-36.016354,-0.06718,-39.3,220.345
20,GRAL,19.45,88.87,Established,Pre-2025,"GRAIL, Inc.",4.57,94304557.9984,Healthcare,0.2391,18.362,0.5466,0.3313,3.85,61.81,-9.058701,-2.8643398,-16.8,2.616
21,ASTS,23.97,83.47,Established,Pre-2025,"AST SpaceMobile, Inc.",3.48,1029152808.7763,Technology,0.1138,20.752,0.8077,0.322,36.14,1674.95,-124.30977,0.0,-39.0,44.433
22,COGT,7.88,34.74,Established,Pre-2025,"Cogent Biosciences, Inc.",4.41,94209526.0741,Healthcare,0.2207,18.361,0.5465,0.3184,5.59,78.91,-20.699198,0.0,-95.4,20.022
23,HOOD,41.35,115.21,Established,Pre-2025,"Robinhood Markets, Inc.",2.79,3493776165.7176,Financial Services,0.0345,21.9742,0.9413,0.3065,103.96,2078.62,44.34898,0.52188,27.8,188.794
24,OLMA,5.89,25.28,Established,Pre-2025,"Olema Pharmaceuticals, Inc.",4.29,79234993.4784,Healthcare,0.2069,18.1879,0.5276,0.3031,2.16,28.56,-11.64034,0.0,-59.2,1.456
25,HL,5.09,18.87,Established,Pre-2025,HECLA MINING CO/DE/,3.71,322541550.6897,Basic Materials,0.1402,19.5917,0.681,0.3024,14.96,420.63,29.41409,0.16268998,8.9,11.711
26,QBTS,9.14,28.13,Established,Pre-2025,D-Wave Quantum Inc.,3.08,1424091639.3991,Technology,0.0678,21.0768,0.8432,0.3004,10.89,1074.62,-137.67325,0.0,-122.0,5.934
27,AU,22.66,85.6,Established,Pre-2025,AngloGold Ashanti PLC,3.78,225908328.6552,Basic Materials,0.1483,19.2356,0.642,0.2964,46.53,182.43,11.279224,0.26251,38.7,24.231
28,INBX,16.15,75.04,Established,Pre-2025,"Inhibrx Biosciences, Inc.",4.65,26353308.4046,Healthcare,0.2483,17.0871,0.4073,0.296,1.09,14.44,-15.712184,0.0,-144.1,290.266
29,OKLO,27.25,77.8,Established,Pre-2025,Oklo Inc.,2.86,1866525462.1741,Utilities,0.0425,21.3473,0.8728,0.2916,17.34,1065.89,-177.43095,0.0,-10.4,0.138
30,VSAT,9.08,37.63,Established,Pre-2025,VIASAT INC,4.14,73891094.9035,Technology,0.1897,18.1181,0.5199,0.2887,5.43,60.58,147.99265,-0.113979995,-10.2,154.784
31,APLD,9.11,28.11,Established,Pre-2025,Applied Digital Corp.,3.09,873428050.6108,Technology,0.069,20.5879,0.7898,0.2852,10.14,1057.01,-45.943035,-0.47352,-7.9,125.912
32,LEU,80.8,272.5,Established,Pre-2025,CENTRUS ENERGY CORP,3.37,380874588.9852,Energy,0.1011,19.758,0.6991,0.2805,5.71,282.21,63.754566,0.25039,51.7,334.288
33,MP,18.2,54.97,Established,Pre-2025,MP Materials Corp. / DE,3.02,888649856.524,Basic Materials,0.0609,20.6052,0.7917,0.2802,10.63,425.73,89.97554,-0.50546,-6.8,43.511
34,PRAX,80.93,286.4,Established,Pre-2025,"Praxis Precision Medicines, Inc.",3.54,202268763.8731,Healthcare,0.1207,19.1251,0.63,0.2735,7.53,185.39,-23.649132,0.0,-75.2,0.127
35,CIFR,5.57,16.2,Established,Pre-2025,Cipher Mining Inc.,2.91,803008856.6678,Financial Services,0.0483,20.5039,0.7806,0.268,7.02,317.34,36.265305,-0.34162,-9.7,133.297
36,HOUS,3.26,13.96,Established,Pre-2025,Anywhere Real Estate Inc.,4.28,26906785.6584,Real Estate,0.2057,17.1079,0.4096,0.2669,1.98,85.54,269.5187,-0.02179,-8.0,204.934
37,NUTX,33.88,148.19,Established,Pre-2025,"Nutex Health, Inc.",4.37,20970112.0051,Healthcare,0.2161,16.8586,0.3823,0.266,1.33,28.08,125.170006,0.122880004,101.7,81.866
38,RKLB,28.74,75.99,Established,Pre-2025,Rocket Lab Corp,2.64,1367895523.5884,Industrials,0.0172,21.0365,0.8388,0.2637,45.53,2268.16,-730.52203,-0.35639,-23.2,40.33
39,WBD,10.57,28.51,Established,Pre-2025,"Warner Bros. Discovery, Inc.",2.7,1105411847.7821,Communication Services,0.0241,20.8235,0.8155,0.2616,71.15,609.17,-133.00732,0.01281,1.0,89.857
40,NB,1.55,5.95,Established,Pre-2025,NIOCORP DEVELOPMENTS LTD,3.84,63567438.8613,Basic Materials,0.1552,17.9676,0.5035,0.2597,0.76,22.87,-19.507694,0.0,-76.5,0.074
41,CIEN,83.61,246.06,Established,Pre-2025,CIENA CORP,2.94,570473696.0744,Technology,0.0517,20.162,0.7433,0.2592,31.62,502.63,32.5488,0.02586,4.4,59.608
42,LRCX,74.43,185.06,Established,Pre-2025,LAM RESEARCH CORP,2.49,1713528264.188,Technology,0.0,21.2618,0.8634,0.259,268.49,2032.95,37.125153,0.29657,62.3,43.991
43,NEM,37.47,101.22,Established,Pre-2025,NEWMONT Corp /DE/,2.7,924231585.3503,Basic Materials,0.0241,20.6445,0.796,0.2557,117.96,758.69,13.914787,0.33423,22.9,16.914
44,ARWR,19.79,67.79,Established,Pre-2025,"ARROWHEAD PHARMACEUTICALS, INC.",3.43,118750065.2167,Healthcare,0.108,18.5925,0.5718,0.2472,9.0,201.01,-14.429752,-0.0019699999,8.7,147.787
45,UUUU,5.74,16.68,Established,Pre-2025,ENERGY FUELS INC,2.91,373088903.6445,Energy,0.0483,19.7373,0.6969,0.2429,4.43,202.89,93.2995,-1.24166,-18.1,
46,IDR,10.47,41.13,Established,Pre-2025,"Idaho Strategic Resources, Inc.",3.93,25982004.8328,Basic Materials,0.1655,17.0729,0.4057,0.2376,0.76,40.67,61.537975,0.28998,18.1,3.851
47,CDE,6.05,17.55,Established,Pre-2025,"Coeur Mining, Inc.",2.9,303641557.5711,Basic Materials,0.0471,19.5314,0.6744,0.2353,13.08,363.86,14.162031,0.24034001,19.6,12.172
48,UAMY,1.86,5.93,Established,Pre-2025,UNITED STATES ANTIMONY CORP,3.19,144389301.5434,Basic Materials,0.0805,18.788,0.5931,0.2343,1.06,92.13,68.80909,-0.15492,-10.2,0.37
49,COMM,5.27,18.26,Established,Pre-2025,"CommScope Holding Company, Inc.",3.46,73944648.0816,Technology,0.1115,18.1188,0.52,0.2341,3.91,52.86,11.61064,0.17569,,
50,GH,33.76,101.74,Established,Pre-2025,"Guardant Health, Inc.",3.01,222671484.7712,Healthcare,0.0598,19.2212,0.6405,0.234,13.97,189.74,-74.91362,-0.44184,,
51,KTOS,27.48,79.29,Established,Pre-2025,"KRATOS DEFENSE & SECURITY SOLUTIONS, INC.",2.89,262122831.9862,Industrials,0.046,19.3843,0.6583,0.2297,19.12,317.56,149.58852,0.015570001,1.2,6.778
52,INSM,69.86,177.12,Established,Pre-2025,INSMED Inc,2.54,523749453.6961,Healthcare,0.0057,20.0765,0.7339,0.2242,37.28,313.47,-49.868073,-2.6482801,-165.7,78.274
53,SLS,1.08,4.35,Established,Pre-2025,"SELLAS Life Sciences Group, Inc.",4.03,11703182.5949,Healthcare,0.177,16.2754,0.3186,0.2195,0.56,71.57,-10.410837,0.0,-84.3,1.313
54,BETR,9.85,34.74,Established,Pre-2025,Better Home & Finance Holding Co,3.53,39082449.095,Financial Services,0.1195,17.4812,0.4503,0.2188,0.62,15.75,-15.450788,-1.27229,-875.5,1321.318
55,TDUP,1.56,6.07,Established,Pre-2025,ThredUp Inc.,3.89,14422567.2732,Consumer Cyclical,0.1609,16.4843,0.3414,0.2151,0.75,10.42,-57.788464,-0.12181,-35.4,91.918
56,ATRO,15.96,56.61,Established,Pre-2025,ASTRONICS CORP,3.55,31849068.1669,Industrials,0.1218,17.2765,0.428,0.2137,2.35,43.86,26.962206,-0.0037200002,-1.7,348.355
57,BLBX,2.2,9.66,Established,Pre-2025,BLACKBOXSTOCKS INC.,4.39,3230668.4615,Technology,0.2184,14.9882,0.1779,0.2063,0.04,0.7,-24.07907,-1.5778999,-68.1,38.837
58,LASR,10.75,38.37,Established,Pre-2025,"NLIGHT, INC.",3.57,23351743.6657,Technology,0.1241,16.9662,0.3941,0.2051,2.07,22.87,163.16,-0.19127001,-19.2,14.33
59,TTMI,24.94,70.61,Established,Pre-2025,TTM TECHNOLOGIES INC,2.83,142868226.0465,Technology,0.0391,18.7774,0.592,0.205,7.53,91.01,25.482517,0.04741,8.1,60.293
60,BBIO,28.12,78.24,Established,Pre-2025,"BridgeBio Pharma, Inc.",2.78,143664098.6617,Healthcare,0.0333,18.783,0.5926,0.2011,14.62,136.36,-40.952766,-2.25315,,
61,BW,1.78,6.35,Established,Pre-2025,"Babcock & Wilcox Enterprises, Inc.",3.57,20061343.3047,Industrials,0.1241,16.8143,0.3775,0.2001,0.86,24.08,-258.91666,-0.15051,,
62,PGEN,1.2,4.28,Established,Pre-2025,"PRECIGEN, INC.",3.57,19079358.4341,Healthcare,0.1241,16.7641,0.372,0.1985,1.64,17.51,-21.090908,0.0,-507.7,234.528
63,CTMX,1.13,4.25,Established,Pre-2025,"CytomX Therapeutics, Inc.",3.76,11945464.5551,Healthcare,0.146,16.2959,0.3208,0.1984,0.75,7.44,-12.143961,0.24656999,66.8,5.211
64,VTYX,2.49,8.4,Established,Pre-2025,"Ventyx Biosciences, Inc.",3.37,29729570.0953,Healthcare,0.1011,17.2077,0.4205,0.1969,0.99,108.46,-8.483784,0.0,-45.4,5.238
65,ANRO,4.61,16.59,Established,Pre-2025,"Alto Neuroscience, Inc.",3.6,15884659.3266,Healthcare,0.1276,16.5809,0.352,0.1949,0.52,4.11,-7.9258213,0.0,-45.0,22.767
66,SSRM,7.12,21.52,Established,Pre-2025,SSR MINING INC.,3.02,62678794.6411,Basic Materials,0.0609,17.9535,0.502,0.1932,4.57,49.3,6.3991556,0.15362,4.7,8.869
67,SYM,25.64,64.87,Established,Pre-2025,Symbotic Inc.,2.53,186885953.1635,Industrials,0.0046,19.046,0.6213,0.1896,42.75,114.83,93.48837,-0.00754,-20.8,6.556
68,INDV,12.49,35.73,Established,Pre-2025,INDIVIOR PLC,2.86,77462260.9744,Healthcare,0.0425,18.1653,0.5251,0.1873,4.28,55.65,11.596695,0.10508,,
69,ZBIO,9.83,34.5,Established,Pre-2025,"Zenas BioPharma, Inc.",3.51,14025561.1886,Healthcare,0.1172,16.4564,0.3384,0.1836,0.88,25.35,-4.1548223,0.0,-68.3,0.406
70,NUVB,2.89,8.58,Established,Pre-2025,Nuvation Bio Inc.,2.97,51269932.7176,Healthcare,0.0552,17.7526,0.48,0.1826,2.83,38.53,-23.785513,0.0,-52.5,17.659
71,AMPX,3.28,8.74,Established,Pre-2025,"Amprius Technologies, Inc.",2.66,91037003.2124,Industrials,0.0195,18.3268,0.5427,0.1765,1.22,49.96,-72.11539,-0.53161997,-39.0,36.537
72,ACMR,15.5,44.88,Established,Pre-2025,"ACM Research, Inc.",2.9,46995896.7835,Technology,0.0471,17.6656,0.4705,0.1741,3.34,66.02,24.721153,0.13303,9.9,15.757
73,MLYS,12.75,35.71,Established,Pre-2025,"Mineralys Therapeutics, Inc.",2.8,59536898.0455,Healthcare,0.0356,17.9021,0.4963,0.1738,2.62,37.35,-14.345355,0.0,-42.1,
74,TE,2.89,7.84,Established,Pre-2025,T1 Energy Inc.,2.71,68731011.0138,Industrials,0.0253,18.0457,0.512,0.1713,1.42,109.54,-26.82,-1.36572,-55.4,450.883
75,PACS,13.35,39.51,Established,Pre-2025,"PACS Group, Inc.",2.96,35095022.7412,Healthcare,0.054,17.3736,0.4386,0.1694,6.39,52.31,20.020412,0.03289,21.7,416.688
76,FRGE,14.27,44.45,Established,Pre-2025,"Forge Global Holdings, Inc.",3.11,19314301.5792,Financial Services,0.0713,16.7764,0.3733,0.1619,0.62,8.02,-21.776928,-0.67415,-28.2,2.197
77,ANAB,14.6,44.95,Established,Pre-2025,"ANAPTYSBIO, INC",3.08,19771301.277,Healthcare,0.0678,16.7997,0.3759,0.1602,1.27,24.42,-11.114557,-0.49939,-308.0,
78,TPC,24.76,69.35,Established,Pre-2025,TUTOR PERINI CORP,2.8,33927943.2597,Industrials,0.0356,17.3397,0.4349,0.1554,3.73,25.0,14.12258,-0.00545,2.6,37.739
79,CMPX,1.56,5.17,Established,Pre-2025,"Compass Therapeutics, Inc.",3.31,8879725.9764,Healthcare,0.0943,15.9993,0.2884,0.1525,1.0,8.32,-13.618772,0.0,-37.8,4.707
80,NKTR,16.5,43.42,Established,Pre-2025,NEKTAR THERAPEUTICS,2.63,46284973.2892,Healthcare,0.0161,17.6503,0.4688,0.1519,0.82,24.68,-3.4175804,-1.9286901,-180.2,196.365
81,TNGX,3.15,8.93,Established,Pre-2025,"Tango Therapeutics, Inc.",2.83,26897854.2995,Healthcare,0.0391,17.1076,0.4095,0.1502,1.53,33.32,-8.765424,-1.51148,-51.7,21.723
82,LQDA,12.29,31.4,Established,Pre-2025,Liquidia Corp,2.55,53101870.7458,Healthcare,0.0069,17.7877,0.4838,0.15,2.94,41.38,14.3622675,-1.79282,-187.2,903.238
83,STOK,11.49,30.9,Established,Pre-2025,"Stoke Therapeutics, Inc.",2.69,34614755.2382,Healthcare,0.023,17.3598,0.4371,0.1472,1.9,21.49,-10.526149,0.19728,15.0,1.552
84,JFB,3.5,14.15,IPO,2025-03-06,JFB Construction Holdings,4.04,1196765.0589,Real Estate,0.1782,13.9951,0.0694,0.1455,0.09,0.89,,-0.14066,-34.6,6.234
85,TSHA,1.92,5.25,Established,Pre-2025,"Taysha Gene Therapies, Inc.",2.73,29520578.6329,Healthcare,0.0276,17.2006,0.4197,0.1452,1.36,12.06,-11.347032,0.0,-64.9,31.546
86,KOD,9.12,26.02,Established,Pre-2025,Kodiak Sciences Inc.,2.85,18722316.1376,Healthcare,0.0414,16.7452,0.3699,0.1399,1.64,28.35,-6.9628935,0.0,-207.9,262.54
87,WLDN,38.58,106.66,Established,Pre-2025,"Willdan Group, Inc.",2.76,22463253.7417,Industrials,0.031,16.9274,0.3898,0.1387,1.7,29.45,25.485083,0.06371,16.4,23.979
88,AMLX,4.15,11.42,Established,Pre-2025,"Amylyx Pharmaceuticals, Inc.",2.75,21373792.5375,Healthcare,0.0299,16.8777,0.3844,0.1362,1.34,19.97,-9.795134,0.0,-56.5,1.788
89,OWLT,4.55,16.17,Established,Pre-2025,"Owlet, Inc.",3.55,2937308.7647,Healthcare,0.1218,14.893,0.1675,0.1356,0.42,3.23,-60.63001,-0.39683,,
90,MNPR,22.98,66.01,Established,Pre-2025,Monopar Therapeutics,2.87,13380948.0373,Healthcare,0.0437,16.4093,0.3332,0.1305,0.42,24.12,-18.119385,0.0,-26.5,0.072
91,LPTH,4.14,11.72,Established,Pre-2025,LIGHTPATH TECHNOLOGIES INC,2.83,14180297.2757,Technology,0.0391,16.4674,0.3396,0.1292,0.56,33.71,137.80333,-0.36806,-37.9,27.597
92,GALT,1.16,4.05,Established,Pre-2025,GALECTIN THERAPEUTICS INC,3.49,2568262.4903,Healthcare,0.1149,14.7587,0.1529,0.1263,0.19,1.56,-1.7619048,0.0,,
93,BLTE,62.09,159.27,Established,Pre-2025,"BELITE BIO, INC",2.57,23242929.5543,Healthcare,0.0092,16.9615,0.3936,0.1245,6.17,39.96,-192.01675,0.0,-32.3,0.186
94,TRVI,4.59,11.89,Established,Pre-2025,"Trevi Therapeutics, Inc.",2.59,21837216.0425,Healthcare,0.0115,16.8991,0.3867,0.1241,1.47,15.43,-24.393618,0.0,-36.9,0.434
95,TTI,3.83,9.79,Established,Pre-2025,TETRA TECHNOLOGIES INC,2.56,20368072.5335,Industrials,0.008,16.8295,0.3791,0.1194,1.33,17.23,39.9,0.19754,54.0,73.575
96,CV,3.5,12.39,IPO,2025-07-02,"CapsoVision, Inc",3.54,1748457.3318,Healthcare,0.1207,14.3742,0.1109,0.1177,0.31,2.31,,-1.72372,,4.784
97,GOSS,1.02,2.88,Established,Pre-2025,"Gossamer Bio, Inc.",2.82,10176510.3901,Healthcare,0.0379,16.1356,0.3033,0.1175,0.57,11.8,-4.16759,0.0,,
98,IMRX,2.34,6.62,Established,Pre-2025,Immuneering Corp,2.83,8856255.5896,Healthcare,0.0391,15.9966,0.2881,0.1138,0.31,16.97,-3.2565491,0.0,-43.8,1.718
99,USAU,6.17,18.48,Established,Pre-2025,U.S. GOLD CORP.,3.0,5794171.3437,Basic Materials,0.0586,15.5724,0.2418,0.1136,0.33,8.03,-17.21519,0.0,-115.5,0.338
