,nasdaq_vol,treasury_10y,dollar_index,semiconductor_etf,fed_funds_rate,unemployment,pce_inflation,yield_curve,credit_spread,ted_spread,vol_regime,credit_regime,month,month_sin,month_cos,is_month_end,is_quarter_end,is_year_end,days_since_unemployment_update,days_since_pceinflation_update,week_of_year,week_sin,week_cos
2018-01-05,-1.4788,0.088,-1.0962,-1.2017,-0.2553,-0.3278,-1.1693,0.4161,-0.81,0.4569,-0.3795,-1.5818,1,0.5,0.866,0,0,0,0,0,1,0.1205,0.9927
2018-01-12,-1.3348,0.1568,-1.28,-1.2094,-0.2553,-0.3278,-1.1693,0.4993,-0.8004,0.3371,0.0691,-1.3866,1,0.5,0.866,0,0,0,7,7,2,0.2393,0.9709
2018-01-19,-1.126,0.2337,-1.355,-1.1543,-0.2553,-0.3278,-1.1693,0.5326,-0.8197,0.397,0.7501,-1.3448,1,0.5,0.866,0,0,0,14,14,3,0.3546,0.935
2018-01-26,-0.9449,0.2563,-1.6362,-1.1398,-0.2553,-0.3278,-1.1693,0.4494,-0.9355,0.7564,1.324,-1.6938,1,0.5,0.866,0,0,0,21,21,4,0.4647,0.8855
2018-02-02,-0.5299,0.4299,-1.6118,-1.2025,-0.2553,-0.2823,-1.138,0.7157,-0.81,0.4569,2.4757,-1.0508,2,0.866,0.5,0,0,0,0,0,5,0.5681,0.823
2018-02-09,0.6542,0.4073,-1.3793,-1.2669,-0.2553,-0.2823,-1.138,0.8655,-0.3662,0.2173,3.8785,0.7046,2,0.866,0.5,0,0,0,7,7,6,0.6631,0.7485
2018-02-16,-0.5564,0.4507,-1.6306,-1.204,-0.2553,-0.2823,-1.138,0.6658,-0.675,0.2173,1.1938,-0.4897,2,0.866,0.5,0,0,0,14,14,7,0.7485,0.6631
2018-02-23,-0.8603,0.4453,-1.4843,-1.1682,-0.2553,-0.2823,-1.138,0.6158,-0.5978,0.5767,0.6172,-0.1688,2,0.866,0.5,0,0,0,21,21,8,0.823,0.5681
2018-03-02,-0.415,0.4326,-1.4731,-1.1579,-0.2553,-0.3278,-1.1225,0.5825,-0.5302,0.9361,1.2984,0.1174,3,1.0,0.0,0,0,0,0,0,9,0.8855,0.4647
2018-03-09,-0.974,0.4661,-1.445,-1.0899,-0.2553,-0.3278,-1.1225,0.6158,-0.646,1.1756,0.3516,-0.3137,3,1.0,0.0,0,0,0,7,7,10,0.935,0.3546
2018-03-16,-0.9291,0.4245,-1.4187,-1.0964,-0.2496,-0.3278,-1.1225,0.466,-0.5785,1.1756,0.4212,-0.0289,3,1.0,0.0,0,0,0,14,14,11,0.9709,0.2393
2018-03-23,0.4864,0.4082,-1.5668,-1.1876,-0.1064,-0.3278,-1.1225,0.466,-0.4434,1.9543,2.5063,0.5334,3,1.0,0.0,0,0,0,21,21,12,0.9927,0.1205
2018-03-30,0.2657,0.3277,-1.4337,-1.1854,-0.1121,-0.3278,-1.1225,0.3495,-0.3951,2.1339,1.8707,0.7138,3,1.0,0.0,0,0,0,28,28,13,1.0,-0.0
2018-04-06,0.3648,0.3585,-1.4412,-1.2455,-0.1007,-0.3278,-1.0876,0.3994,-0.5399,2.3136,1.7975,0.1228,4,0.866,-0.5,0,0,0,35,0,14,0.9927,-0.1205
2018-04-13,-0.3449,0.4073,-1.4993,-1.1904,-0.1007,-0.3278,-1.0876,0.3162,-0.7907,2.1938,0.8366,-0.8641,4,0.866,-0.5,0,0,0,42,7,15,0.9709,-0.2393
2018-04-20,-0.4018,0.5177,-1.4018,-1.2516,-0.095,-0.3278,-1.0876,0.3994,-0.839,1.9543,0.7441,-0.9921,4,0.866,-0.5,0,0,0,49,14,16,0.935,-0.3546
2018-04-27,-0.5484,0.5231,-1.1731,-1.2626,-0.095,-0.3278,-1.0876,0.3495,-0.7328,1.9543,0.5428,-0.5427,4,0.866,-0.5,0,0,0,56,21,17,0.8855,-0.4647
2018-05-04,-0.8273,0.5113,-0.98,-1.2288,-0.095,-0.4187,-1.0624,0.2995,-0.6846,1.8944,0.2024,-0.3163,5,0.5,-0.866,0,0,0,0,0,18,0.823,-0.5681
2018-05-11,-1.1207,0.5357,-0.9856,-1.1837,-0.095,-0.4187,-1.0624,0.2829,-0.7714,1.2355,-0.1511,-0.6718,5,0.5,-0.866,0,0,0,7,7,19,0.7485,-0.6631
2018-05-18,-1.0308,0.6226,-0.7794,-1.182,-0.095,-0.4187,-1.0624,0.4161,-0.7618,1.2355,-0.0535,-0.5951,5,0.5,-0.866,0,0,0,14,14,20,0.6631,-0.7485
2018-05-25,-1.1379,0.4996,-0.6763,-1.1351,-0.095,-0.4187,-1.0624,0.3162,-0.646,1.2355,-0.1921,-0.0068,5,0.5,-0.866,0,0,0,21,21,21,0.5681,-0.823
2018-06-01,-1.2634,0.467,-0.6763,-1.1199,-0.095,-0.3278,-1.0497,0.2662,-0.6267,1.1157,-0.3597,0.098,6,0.0,-1.0,0,0,0,0,0,22,0.4647,-0.8855
2018-06-08,-1.0784,0.505,-0.7963,-1.1144,-0.095,-0.3278,-1.0497,0.2829,-0.7232,1.1157,-0.1434,-0.3651,6,0.0,-1.0,0,0,0,7,7,23,0.3546,-0.935
2018-06-15,-1.2225,0.4932,-0.5638,-1.1103,0.0195,-0.3278,-1.0497,0.1997,-0.839,1.0558,-0.332,-0.9008,6,0.0,-1.0,0,0,0,14,14,24,0.2393,-0.9709
2018-06-22,-0.8313,0.4715,-0.6144,-1.1566,0.031,-0.3278,-1.0497,0.1331,-0.7811,1.1756,0.1296,-0.5844,6,0.0,-1.0,0,0,0,21,21,25,0.1205,-0.9927
2018-06-29,-0.5009,0.4254,-0.5938,-1.2054,0.0253,-0.3278,-1.0497,0.1164,-0.5688,1.1756,0.5077,0.431,6,0.0,-1.0,0,0,0,28,28,26,-0.0,-1.0
2018-07-06,-0.7863,0.4091,-0.7044,-1.177,0.0253,-0.4187,-1.0342,0.0498,-0.4434,0.8762,0.1314,0.9645,7,-0.5,-0.866,0,0,0,0,0,27,-0.1205,-0.9927
2018-07-13,-1.0295,0.4091,-0.5713,-1.1766,0.0253,-0.4187,-1.0342,-0.0334,-0.5592,0.8762,-0.1861,0.3997,7,-0.5,-0.866,0,0,0,7,7,28,-0.2393,-0.9709
2018-07-20,-0.9991,0.467,-0.6257,-1.1557,0.0253,-0.4187,-1.0342,0.0498,-0.6267,0.8163,-0.1635,0.0935,7,-0.5,-0.866,0,0,0,14,14,29,-0.3546,-0.935
2018-07-27,-0.7863,0.5258,-0.5844,-1.1537,0.0253,-0.4187,-1.0342,0.0498,-0.7521,0.7564,0.0942,-0.4762,7,-0.5,-0.866,0,0,0,21,21,30,-0.4647,-0.8855
2018-08-03,-1.1709,0.5195,-0.4982,-1.1441,0.0253,-0.4187,-1.0239,0.0998,-0.7425,0.6965,-0.4289,-0.4008,8,-0.866,-0.5,0,0,0,28,0,31,-0.5681,-0.823
2018-08-10,-1.1167,0.4326,-0.2694,-1.1685,0.0253,-0.4187,-1.0239,-0.0001,-0.675,0.3371,-0.3678,-0.031,8,-0.866,-0.5,0,0,0,35,7,32,-0.6631,-0.7485
2018-08-17,-1.1643,0.4471,-0.3182,-1.2035,0.031,-0.4187,-1.0239,-0.0001,-0.6846,0.2772,-0.4288,-0.0654,8,-0.866,-0.5,0,0,0,42,14,33,-0.7485,-0.6631
2018-08-24,-1.2568,0.4046,-0.4963,-1.1522,0.031,-0.4187,-1.0239,-0.1166,-0.7135,0.0976,-0.5763,-0.1957,8,-0.866,-0.5,0,0,0,49,21,34,-0.823,-0.5681
2018-08-31,-1.1405,0.429,-0.4982,-1.1272,0.0253,-0.4187,-1.0239,-0.0334,-0.6846,-0.0222,-0.4491,-0.0248,8,-0.866,-0.5,1,0,0,56,28,35,-0.8855,-0.4647
2018-09-07,-0.6489,0.5095,-0.455,-1.166,0.031,-0.4641,-0.9937,-0.05,-0.6943,-0.142,0.2082,-0.0639,9,-1.0,-0.0,0,0,0,0,0,36,-0.935,-0.3546
2018-09-14,-1.1299,0.5565,-0.5282,-1.1554,0.031,-0.4641,-0.9937,-0.0833,-0.8776,-0.2019,-0.4908,-0.9942,9,-1.0,-0.0,0,0,0,7,7,37,-0.9709,-0.2393
2018-09-21,-1.0348,0.6235,-0.6707,-1.1501,0.031,-0.4641,-0.9937,-0.0001,-0.9162,-0.142,-0.3766,-1.1455,9,-1.0,-0.0,0,0,0,14,14,38,-0.9927,-0.1205
2018-09-28,-1.0692,0.6126,-0.4888,-1.1583,0.1798,-0.4641,-0.9937,-0.0334,-0.9258,-0.0222,-0.4376,-1.1506,9,-1.0,-0.0,0,0,0,21,21,39,-1.0,-0.0
2018-10-05,-0.4189,0.7655,-0.4082,-1.2104,0.1798,-0.4187,-0.9682,0.1497,-0.8486,-0.142,0.5052,-0.7525,10,-0.866,0.5,0,0,0,0,0,40,-0.9927,0.1205
2018-10-12,0.0027,0.6895,-0.4832,-1.2719,0.1798,-0.4187,-0.9682,0.0665,-0.6364,-0.2618,1.071,0.2542,10,-0.866,0.5,0,0,0,7,7,41,-0.9709,0.2393
2018-10-19,0.1454,0.7411,-0.3913,-1.3001,0.1856,-0.4187,-0.9682,0.0332,-0.6653,-0.2019,1.3503,0.1171,10,-0.866,0.5,0,0,0,14,14,42,-0.935,0.3546
2018-10-26,0.6872,0.6316,-0.2694,-1.3675,0.1913,-0.4187,-0.9682,0.0165,-0.3372,-0.0821,2.083,1.7896,10,-0.866,0.5,0,0,0,21,21,43,-0.8855,0.4647
2018-11-02,0.2617,0.7555,-0.2357,-1.2835,0.1856,-0.4187,-0.9631,0.0831,-0.4627,0.3371,1.3111,1.0302,11,-0.5,0.866,0,0,0,28,0,44,-0.823,0.5681
2018-11-09,-0.0529,0.7329,-0.1663,-1.295,0.1856,-0.4187,-0.9631,-0.0168,-0.4723,0.3371,0.8499,0.9528,11,-0.5,0.866,0,0,0,35,7,45,-0.7485,0.6631
2018-11-16,-0.0383,0.6289,-0.2488,-1.3101,0.1913,-0.4187,-0.9631,0.0165,-0.0188,0.4569,0.8168,2.7142,11,-0.5,0.866,0,0,0,42,14,46,-0.6631,0.7485
2018-11-23,0.4309,0.6108,-0.1644,-1.3519,0.1913,-0.4187,-0.9631,-0.0334,0.0873,0.4569,1.3341,2.4915,11,-0.5,0.866,0,0,0,49,21,47,-0.5681,0.823
2018-11-30,-0.0859,0.5737,-0.0988,-1.2793,0.1913,-0.4187,-0.9631,-0.0833,0.0873,0.996,0.6777,2.0991,11,-0.5,0.866,1,0,0,56,28,48,-0.4647,0.8855
2018-12-07,0.4441,0.4263,-0.2413,-1.3693,0.1856,-0.3732,-0.9529,-0.2165,0.2899,0.996,1.368,2.3309,12,-0.0,1.0,0,0,0,0,0,49,-0.3546,0.935
2018-12-14,0.3899,0.4634,-0.0669,-1.3553,0.1856,-0.3732,-0.9529,-0.1666,0.2513,1.0558,1.3023,1.9132,12,-0.0,1.0,0,0,0,7,7,50,-0.2393,0.9709
2018-12-21,1.2159,0.3738,-0.1569,-1.4289,0.3058,-0.3732,-0.9529,-0.1666,0.9846,1.3553,2.2145,2.9221,12,-0.0,1.0,0,0,0,14,14,51,-0.1205,0.9927
2018-12-28,1.2595,0.3232,-0.2638,-1.382,0.3058,-0.3732,-0.9529,-0.1,1.0618,1.1756,1.9465,2.3852,12,-0.0,1.0,0,0,0,21,21,52,0.0,1.0
2019-01-04,0.5154,0.2535,-0.3013,-1.3866,0.3058,-0.3278,-0.9605,-0.1499,0.8206,1.0558,1.0671,1.6904,1,0.5,0.866,0,0,0,0,0,1,0.1205,0.9927
2019-01-11,0.0146,0.2915,-0.3988,-1.322,0.3058,-0.3278,-0.9605,-0.1666,0.3382,0.9361,0.5352,0.9716,1,0.5,0.866,0,0,0,7,7,2,0.2393,0.9709
2019-01-18,-0.3674,0.3666,-0.2732,-1.3053,0.3058,-0.3278,-0.9605,-0.1499,0.068,0.8762,0.1395,0.5902,1,0.5,0.866,0,0,0,14,14,3,0.3546,0.935
2019-01-25,-0.3819,0.3386,-0.3763,-1.2543,0.3058,-0.3278,-0.9605,-0.1666,0.1355,0.9361,0.1031,0.6382,1,0.5,0.866,0,0,0,21,21,4,0.4647,0.8855
2019-02-01,-0.6436,0.2825,-0.4157,-1.2425,0.3058,-0.4187,-0.9335,-0.1333,0.0873,0.7564,-0.1769,0.5467,2,0.866,0.5,0,0,0,0,0,5,0.5681,0.823
2019-02-08,-0.6119,0.2291,-0.2169,-1.2294,0.3058,-0.4187,-0.9335,-0.1333,0.1162,0.397,-0.1604,0.5586,2,0.866,0.5,0,0,0,7,7,6,0.6631,0.7485
2019-02-15,-0.9211,0.2599,-0.1644,-1.1824,0.3058,-0.4187,-0.9335,-0.1999,-0.0767,0.2772,-0.4945,0.3026,2,0.866,0.5,0,0,0,14,14,7,0.7485,0.6631
2019-02-22,-1.0203,0.2499,-0.2413,-1.1617,0.3058,-0.4187,-0.9335,-0.1499,-0.1443,-0.0821,-0.6077,0.1996,2,0.866,0.5,0,0,0,21,21,8,0.823,0.5681
2019-03-01,-1.1299,0.3404,-0.2376,-1.1604,0.3058,-0.4187,-0.8999,-0.0833,-0.3276,-0.2618,-0.7232,-0.045,3,1.0,0.0,0,0,0,28,0,9,0.8855,0.4647
2019-03-08,-0.7335,0.2228,-0.0801,-1.2027,0.3058,-0.4187,-0.8999,-0.1499,-0.0188,-0.3816,-0.2986,0.3234,3,1.0,0.0,0,0,0,35,7,10,0.935,0.3546
2019-03-15,-1.2621,0.1939,-0.2244,-1.1357,0.3058,-0.4187,-0.8999,-0.1666,-0.2408,-0.142,-0.8146,0.0365,3,1.0,0.0,0,0,0,42,14,11,0.9709,0.2393
2019-03-22,-0.6396,0.069,-0.2151,-1.129,0.3115,-0.4187,-0.8999,-0.2165,-0.1636,-0.3217,-0.1768,0.1231,3,1.0,0.0,0,0,0,49,21,12,0.9927,0.1205
2019-03-29,-1.0639,0.032,-0.0969,-1.1343,0.323,-0.4187,-0.8999,-0.1999,-0.2022,-0.0222,-0.6144,0.0591,3,1.0,0.0,0,0,0,56,28,13,1.0,-0.0
2019-04-05,-1.1233,0.1106,-0.0744,-1.0554,0.3115,-0.4641,-0.858,-0.1832,-0.3276,-0.3217,-0.6701,-0.1154,4,0.866,-0.5,0,0,0,0,0,14,0.9927,-0.1205
2019-04-12,-1.1947,0.164,-0.1551,-1.038,0.3115,-0.4641,-0.858,-0.1666,-0.5013,-0.2618,-0.7312,-0.3543,4,0.866,-0.5,0,0,0,7,7,15,0.9709,-0.2393
2019-04-19,-1.2581,0.164,-0.0613,-0.9894,0.3287,-0.4641,-0.858,-0.1166,-0.453,-0.2618,-0.7968,-0.3056,4,0.866,-0.5,0,0,0,14,14,16,0.935,-0.3546
2019-04-26,-1.1736,0.1143,0.0399,-1.0138,0.3287,-0.4641,-0.858,-0.05,-0.4241,-0.2618,-0.709,-0.2786,4,0.866,-0.5,0,0,0,21,21,17,0.8855,-0.4647
2019-05-03,-1.1484,0.1378,-0.052,-0.9925,0.3058,-0.5096,-0.8472,-0.0833,-0.4627,-0.4415,-0.6893,-0.3419,5,0.5,-0.866,0,0,0,0,0,18,0.823,-0.5681
2019-05-10,-0.7361,0.069,-0.0876,-1.0818,0.2943,-0.5096,-0.8472,-0.0833,-0.1829,-0.6212,-0.2936,0.0145,5,0.5,-0.866,0,0,0,7,7,19,0.7485,-0.6631
2019-05-17,-0.6978,0.013,0.038,-1.1458,0.3001,-0.5096,-0.8472,-0.1166,-0.125,-0.4415,-0.2678,0.0715,5,0.5,-0.866,0,0,0,14,14,20,0.6631,-0.7485
2019-05-24,-0.5339,-0.0494,-0.0351,-1.222,0.2943,-0.5096,-0.8472,-0.1666,-0.0381,-0.2019,-0.1089,0.1687,5,0.5,-0.866,0,0,0,21,21,21,0.5681,-0.823
2019-05-31,-0.1903,-0.2141,-0.0088,-1.2373,0.3058,-0.5096,-0.8472,-0.1166,0.3768,-0.3217,0.2307,0.7358,5,0.5,-0.866,1,0,0,28,28,22,0.4647,-0.8855
2019-06-07,-0.6264,-0.2665,-0.2226,-1.1628,0.2886,-0.5096,-0.8401,-0.0334,0.1645,-0.2019,-0.2492,0.3906,6,0.0,-1.0,0,0,0,35,0,23,0.3546,-0.935
2019-06-14,-0.637,-0.2584,-0.0426,-1.181,0.2829,-0.5096,-0.8401,-0.0168,0.0294,-0.0222,-0.2708,0.1541,6,0.0,-1.0,0,0,0,42,7,24,0.2393,-0.9709
2019-06-21,-0.7255,-0.281,-0.2957,-1.1239,0.2943,-0.5096,-0.8401,0.0665,-0.2408,0.1574,-0.3485,-0.316,6,0.0,-1.0,0,0,0,49,14,25,0.1205,-0.9927
2019-06-28,-0.6489,-0.3425,-0.3126,-1.0854,0.3058,-0.5096,-0.8401,-0.0168,-0.125,-0.0821,-0.2477,-0.1552,6,0.0,-1.0,0,0,0,56,21,26,-0.0,-1.0
2019-07-05,-1.0837,-0.2991,-0.1026,-1.0784,0.3172,-0.4641,-0.8202,-0.1499,-0.2118,-0.741,-0.6801,-0.3299,7,-0.5,-0.866,0,0,0,0,0,27,-0.1205,-0.9927
2019-07-12,-1.1128,-0.2466,-0.1851,-1.0336,0.2943,-0.4641,-0.8202,0.0332,-0.1732,-0.2019,-0.6778,-0.2736,7,-0.5,-0.866,0,0,0,7,7,28,-0.2393,-0.9709
2019-07-19,-0.9225,-0.2991,-0.1213,-1.0055,0.3115,-0.4641,-0.8202,-0.0168,-0.125,-0.0821,-0.4339,-0.2106,7,-0.5,-0.866,0,0,0,14,14,29,-0.3546,-0.935
2019-07-26,-1.2225,-0.2692,0.0399,-0.95,0.3058,-0.4641,-0.8202,-0.0667,-0.2987,-0.3816,-0.7286,-0.533,7,-0.5,-0.866,0,0,0,21,21,30,-0.4647,-0.8855
2019-08-02,-0.4361,-0.4736,0.0568,-1.0474,0.1569,-0.5096,-0.8133,-0.1999,-0.0092,-0.2019,0.1779,0.0061,8,-0.866,-0.5,0,0,0,0,0,31,-0.5681,-0.823
2019-08-09,-0.3832,-0.5831,-0.0576,-1.0689,0.1455,-0.5096,-0.8133,-0.2498,0.1066,-0.2019,0.2495,0.2107,8,-0.866,-0.5,0,0,0,7,7,32,-0.6631,-0.7485
2019-08-16,-0.4176,-0.7594,0.0643,-1.0593,0.1512,-0.5096,-0.8133,-0.3164,0.261,0.3371,0.2183,0.4856,8,-0.866,-0.5,0,0,0,14,14,33,-0.7485,-0.6631
2019-08-23,-0.1335,-0.7694,-0.0295,-1.0915,0.1455,-0.5096,-0.8133,-0.4163,0.0487,-0.2618,0.5795,0.111,8,-0.866,-0.5,0,0,0,21,21,34,-0.823,-0.5681
2019-08-30,-0.3013,-0.7893,0.2105,-1.0315,0.1512,-0.5096,-0.8133,-0.4329,-0.1057,-0.3816,0.4324,-0.1462,8,-0.866,-0.5,0,0,0,28,28,35,-0.8855,-0.4647
2019-09-06,-0.7731,-0.7495,0.1112,-0.9663,0.1455,-0.555,-0.8042,-0.3996,-0.1443,-0.2618,-0.1259,-0.1914,9,-1.0,-0.0,0,0,0,0,0,36,-0.935,-0.3546
2019-09-13,-0.8643,-0.4302,0.0868,-0.9363,0.1569,-0.555,-0.8042,-0.2498,-0.3565,-0.2019,-0.2469,-0.7444,9,-1.0,-0.0,0,0,0,7,7,37,-0.9709,-0.2393
2019-09-20,-0.7348,-0.5641,0.1337,-0.9739,0.0195,-0.555,-0.8042,-0.3497,-0.3758,0.0377,0.0466,-0.8037,9,-1.0,-0.0,0,0,0,14,14,38,-0.9927,-0.1205
2019-09-27,-0.4995,-0.6364,0.2462,-0.9889,-0.0205,-0.555,-0.8042,-0.333,-0.2022,0.5168,0.5835,-0.2269,9,-1.0,-0.0,0,0,0,21,21,39,-1.0,-0.0
2019-10-04,-0.5855,-0.7812,0.1899,-0.9572,-0.0263,-0.5096,-0.7777,-0.2332,0.1741,0.5767,0.4184,1.0105,10,-0.866,0.5,0,0,0,0,0,40,-0.9927,0.1205
2019-10-11,-0.6912,-0.5668,0.0943,-0.9296,-0.0263,-0.5096,-0.7777,-0.2165,-0.096,0.5767,0.1935,0.1364,10,-0.866,0.5,0,0,0,7,7,41,-0.9709,0.2393
2019-10-18,-0.9053,-0.5713,-0.0969,-0.9338,-0.0091,-0.5096,-0.7777,-0.1333,-0.1732,0.397,-0.2629,-0.1004,10,-0.866,0.5,0,0,0,14,14,42,-0.935,0.3546
2019-10-25,-1.1233,-0.5225,0.0062,-0.8712,-0.0205,-0.5096,-0.7777,-0.1499,-0.2987,0.2772,-0.7251,-0.4993,10,-0.866,0.5,0,0,0,21,21,43,-0.8855,0.4647
2019-11-01,-1.1101,-0.5885,-0.1044,-0.8319,-0.1694,-0.5096,-0.7623,-0.1499,-0.1057,0.8762,-0.6816,0.1569,11,-0.5,0.866,0,0,0,28,0,44,-0.823,0.5681
2019-11-08,-1.1233,-0.4031,0.1037,-0.7926,-0.1808,-0.5096,-0.7623,-0.0001,-0.1925,0.7564,-0.6997,-0.1356,11,-0.5,0.866,0,0,0,35,7,45,-0.7485,0.6631
2019-11-15,-1.3348,-0.4926,0.038,-0.7789,-0.1808,-0.5096,-0.7623,-0.05,-0.1346,0.6366,-1.1255,0.0523,11,-0.5,0.866,0,0,0,42,14,46,-0.6631,0.7485
2019-11-22,-1.1987,-0.5469,0.0887,-0.8217,-0.1808,-0.5096,-0.7623,-0.1666,-0.0671,0.6965,-0.814,0.274,11,-0.5,0.866,0,0,0,49,21,47,-0.5681,0.823
2019-11-29,-1.1669,-0.5451,0.0887,-0.7964,-0.1751,-0.5096,-0.7623,-0.1499,-0.1829,0.5767,-0.7272,-0.1233,11,-0.5,0.866,0,0,0,56,28,48,-0.4647,0.8855
2019-12-06,-1.0877,-0.4854,-0.0182,-0.7827,-0.1808,-0.5096,-0.7215,-0.05,-0.2987,0.8163,-0.5493,-0.5076,12,-0.0,1.0,0,0,0,63,0,49,-0.3546,0.935
2019-12-13,-1.2661,-0.5062,-0.1176,-0.7081,-0.1808,-0.5096,-0.7215,-0.0833,-0.4723,0.6366,-0.9227,-1.0637,12,-0.0,1.0,0,0,0,70,7,50,-0.2393,0.9709
2019-12-20,-1.348,-0.4176,-0.0163,-0.6618,-0.1808,-0.5096,-0.7215,0.0498,-0.646,0.7564,-1.0516,-1.5441,12,-0.0,1.0,0,0,0,77,14,51,-0.1205,0.9927
2019-12-27,-1.0982,-0.4565,-0.1644,-0.6504,-0.1808,-0.5096,-0.7215,0.0498,-0.6171,0.8762,-0.5381,-1.3859,12,-0.0,1.0,0,0,0,84,21,52,0.0,1.0
2020-01-03,-1.0203,-0.5342,-0.1794,-0.6498,-0.1808,-0.5096,-0.6952,0.0165,-0.5688,0.7564,-0.3913,-1.1895,1,0.5,0.866,0,0,0,91,0,1,0.1205,0.9927
2020-01-10,-1.0824,-0.5008,-0.0819,-0.6409,-0.1866,-0.5096,-0.6952,0.0165,-0.6943,0.4569,-0.5205,-1.486,1,0.5,0.866,0,0,0,98,7,2,0.2393,0.9709
2020-01-17,-1.2819,-0.4908,-0.0351,-0.6014,-0.1808,-0.5096,-0.6952,-0.0001,-0.7811,0.2173,-0.8959,-1.5922,1,0.5,0.866,0,0,0,105,14,3,0.3546,0.935
2020-01-24,-0.8722,-0.631,0.0099,-0.5809,-0.1808,-0.5096,-0.6952,-0.0833,-0.5013,0.2173,-0.0306,-0.7599,1,0.5,0.866,0,0,0,112,21,4,0.4647,0.8855
2020-01-31,-0.4414,-0.7766,-0.0763,-0.7109,-0.1579,-0.5096,-0.6952,-0.1333,-0.1636,-0.142,0.8546,0.1055,1,0.5,0.866,1,0,0,119,28,5,0.5681,0.823
2020-02-07,-0.6938,-0.7242,0.1655,-0.6339,-0.1637,-0.555,-0.6832,-0.1333,-0.4337,-0.3217,0.3576,-0.5525,2,0.866,0.5,0,0,0,0,0,6,0.6631,0.7485
2020-02-14,-0.8881,-0.7151,0.248,-0.5416,-0.1637,-0.555,-0.6832,-0.1499,-0.6171,-0.6811,-0.0246,-1.0019,2,0.866,0.5,0,0,0,7,7,7,0.7485,0.6631
2020-02-21,-0.2921,-0.8209,0.2743,-0.6092,-0.1637,-0.555,-0.6832,-0.2332,-0.5206,-0.6212,1.2526,-0.694,2,0.866,0.5,0,0,0,14,14,8,0.823,0.5681
2020-02-28,2.4397,-1.1321,0.0624,-0.7832,-0.1637,-0.555,-0.6832,0.0165,0.811,-0.2618,5.0476,2.6871,2,0.866,0.5,0,0,0,21,21,9,0.8855,0.4647
2020-03-06,2.5507,-1.5129,-0.3463,-0.7843,-0.4442,-0.1459,-0.7267,-0.0168,1.3899,1.1756,3.6425,3.3665,3,1.0,0.0,0,0,0,0,0,10,0.935,0.3546
2020-03-13,3.5908,-1.2913,0.1787,-0.9487,-0.4385,-0.1459,-0.7267,0.3162,3.0012,1.8944,3.1889,3.9974,3,1.0,0.0,0,0,0,7,7,11,0.9709,0.2393
2020-03-20,5.178,-1.303,0.9417,-1.182,-0.9824,-0.1459,-0.7267,0.4827,5.6836,5.3682,2.9573,4.1795,3,1.0,0.0,0,0,0,14,14,12,0.9927,0.1205
2020-03-27,4.8516,-1.474,0.1074,-1.0023,-1.011,-0.1459,-0.7267,0.3495,4.6222,6.9853,2.3378,2.3131,3,1.0,0.0,0,0,0,21,21,13,1.0,-0.0
2020-04-03,2.6696,-1.6205,0.5218,-1.0404,-1.0396,4.5813,-0.7891,0.2163,5.0468,6.2067,1.2192,2.14,4,0.866,-0.5,0,0,0,0,0,14,0.9927,-0.1205
2020-04-10,2.2057,-1.4921,0.323,-0.8877,-1.0396,4.5813,-0.7891,0.3994,3.6284,4.2901,0.9689,1.3242,4,0.866,-0.5,0,0,0,7,7,15,0.9709,-0.2393
2020-04-17,1.8106,-1.5599,0.3718,-0.7814,-1.0396,4.5813,-0.7891,0.3162,3.0012,4.4099,0.7734,0.9962,4,0.866,-0.5,0,0,0,14,14,16,0.935,-0.3546
2020-04-24,1.5635,-1.6124,0.4843,-0.784,-1.0396,4.5813,-0.7891,0.1997,3.696,3.0922,0.6408,1.1876,4,0.866,-0.5,0,0,0,21,21,17,0.8855,-0.4647
2020-05-01,1.73,-1.5707,0.188,-0.8418,-1.0396,3.854,-0.7741,0.2995,3.3775,0.996,0.6809,0.9978,5,0.5,-0.866,0,0,0,0,0,18,0.823,-0.5681
2020-05-08,0.789,-1.5346,0.3624,-0.7228,-1.0396,3.854,-0.7741,0.4494,3.2039,0.397,0.3009,0.8803,5,0.5,-0.866,0,0,0,7,7,19,0.7485,-0.6631
2020-05-15,1.1657,-1.5726,0.488,-0.7931,-1.0396,3.854,-0.7741,0.3661,3.4547,0.0377,0.429,0.9175,5,0.5,-0.866,0,0,0,14,14,20,0.6631,-0.7485
2020-05-22,0.6198,-1.5572,0.3868,-0.7055,-1.0396,3.854,-0.7741,0.3828,2.76,-0.0222,0.204,0.6394,5,0.5,-0.866,0,0,0,21,21,21,0.5681,-0.823
2020-05-29,0.4348,-1.5653,0.1018,-0.6663,-1.0396,3.854,-0.7741,0.3828,2.4223,-0.3217,0.1182,0.496,5,0.5,-0.866,0,0,0,28,28,22,0.4647,-0.8855
2020-06-05,0.1137,-1.3338,-0.1607,-0.5157,-1.0282,2.854,-0.7269,0.7157,1.2548,-0.5613,-0.0169,0.0805,6,0.0,-1.0,0,0,0,0,0,23,0.3546,-0.935
2020-06-12,1.43,-1.5192,-0.0894,-0.6032,-1.0225,2.854,-0.7269,0.4327,2.0074,-0.5613,0.4795,0.3221,6,0.0,-1.0,0,0,0,7,7,24,0.2393,-0.9709
2020-06-19,1.0401,-1.521,-0.0332,-0.5403,-1.0167,2.854,-0.7269,0.4161,1.7565,-0.5613,0.3116,0.2209,6,0.0,-1.0,0,0,0,14,14,25,0.1205,-0.9927
2020-06-26,1.2079,-1.5762,-0.0557,-0.5806,-1.0225,2.854,-0.7269,0.3495,2.1328,-0.5014,0.3578,0.3319,6,0.0,-1.0,0,0,0,21,21,26,-0.0,-1.0
2020-07-03,0.5194,-1.5463,-0.0894,-0.5072,-1.0167,2.4904,-0.6825,0.4327,1.9013,-0.5613,0.071,0.2316,7,-0.5,-0.866,0,0,0,0,0,27,-0.1205,-0.9927
2020-07-10,0.9714,-1.5789,-0.2151,-0.4219,-1.0167,2.4904,-0.6825,0.3828,1.8723,-0.6811,0.2294,0.2032,7,-0.5,-0.866,0,0,0,7,7,28,-0.2393,-0.9709
2020-07-17,0.8062,-1.5834,-0.3482,-0.4188,-1.0167,2.4904,-0.6825,0.3994,1.4864,-0.5613,0.1388,0.0509,7,-0.5,-0.866,0,0,0,14,14,29,-0.3546,-0.935
2020-07-24,1.0494,-1.6187,-0.6294,-0.4285,-1.0167,2.4904,-0.6825,0.3162,1.0522,-0.6811,0.2152,-0.1166,7,-0.5,-0.866,0,0,0,21,21,30,-0.4647,-0.8855
2020-07-31,0.4309,-1.6666,-0.8075,-0.3412,-1.011,2.4904,-0.6825,0.2995,0.9267,-0.5613,-0.0608,-0.1734,7,-0.5,-0.866,1,0,0,28,28,31,-0.5681,-0.823
2020-08-07,0.6727,-1.6431,-0.8169,-0.2986,-1.011,1.6722,-0.6404,0.2995,0.8303,-0.6212,0.0173,-0.2202,8,-0.866,-0.5,0,0,0,0,0,32,-0.6631,-0.7485
2020-08-14,0.5921,-1.5101,-0.8806,-0.2837,-1.011,1.6722,-0.6404,0.5159,1.0232,-0.5014,-0.0377,-0.1629,8,-0.866,-0.5,0,0,0,7,7,33,-0.7485,-0.6631
2020-08-21,0.522,-1.5726,-0.8525,-0.2807,-1.0167,1.6722,-0.6404,0.3661,1.0136,-0.6212,-0.0882,-0.1836,8,-0.866,-0.5,0,0,0,14,14,34,-0.823,-0.5681
2020-08-28,1.0745,-1.4921,-1.0175,-0.2197,-1.0167,1.6722,-0.6404,0.5659,0.7724,-0.6811,0.1268,-0.2938,8,-0.866,-0.5,0,0,0,21,21,35,-0.8855,-0.4647
2020-09-04,2.256,-1.4993,-0.9519,-0.2743,-1.0167,1.3995,-0.6135,0.5326,0.8978,-0.6811,0.6299,-0.2673,9,-1.0,-0.0,0,0,0,0,0,36,-0.935,-0.3546
2020-09-11,1.4009,-1.5463,-0.8375,-0.3433,-1.0167,1.3995,-0.6135,0.466,0.975,-0.6811,0.2052,-0.2601,9,-1.0,-0.0,0,0,0,7,7,37,-0.9709,-0.2393
2020-09-18,1.5027,-1.5237,-0.9125,-0.3148,-1.0167,1.3995,-0.6135,0.4993,0.9267,-0.741,0.2254,-0.3041,9,-1.0,-0.0,0,0,0,14,14,38,-0.9927,-0.1205
2020-09-25,1.356,-1.5554,-0.6032,-0.3023,-1.0167,1.3995,-0.6135,0.466,1.3899,-0.8008,0.1213,-0.1435,9,-1.0,-0.0,0,0,0,21,21,39,-1.0,-0.0
2020-10-02,1.5555,-1.5219,-0.7419,-0.2518,-1.0167,0.9904,-0.5999,0.5159,1.139,-0.6811,0.1895,-0.2805,10,-0.866,0.5,0,0,0,0,0,40,-0.9927,0.1205
2020-10-09,1.048,-1.4505,-0.8881,-0.0776,-1.0167,0.9904,-0.5999,0.6158,0.6952,-0.8008,-0.107,-0.4981,10,-0.866,0.5,0,0,0,7,7,41,-0.9709,0.2393
2020-10-16,1.3679,-1.4785,-0.7719,-0.0799,-1.0167,0.9904,-0.5999,0.5992,0.7145,-0.8607,0.0337,-0.5137,10,-0.866,0.5,0,0,0,14,14,42,-0.935,0.3546
2020-10-23,1.1604,-1.3908,-0.9425,-0.1118,-1.0167,0.9904,-0.5999,0.6824,0.6469,-0.8008,-0.1198,-0.5765,10,-0.866,0.5,0,0,0,21,21,43,-0.8855,0.4647
2020-10-30,2.1978,-1.3736,-0.7044,-0.2286,-1.0167,0.9904,-0.5999,0.7989,1.0136,-0.741,0.4486,-0.442,10,-0.866,0.5,0,0,0,28,28,44,-0.823,0.5681
2020-11-06,0.7057,-1.4098,-1.0437,0.0559,-1.0167,0.8995,-0.5845,0.6824,0.454,-0.8607,-0.4578,-0.7359,11,-0.5,0.866,0,0,0,0,0,45,-0.7485,0.6631
2020-11-13,0.5762,-1.3437,-0.9444,0.0456,-1.0167,0.8995,-0.5845,0.7656,0.4154,-0.741,-0.514,-0.7392,11,-0.5,0.866,0,0,0,7,7,46,-0.6631,0.7485
2020-11-20,0.296,-1.4016,-1.0137,0.0944,-1.0225,0.8995,-0.5845,0.6824,0.2803,-0.741,-0.6572,-0.7655,11,-0.5,0.866,0,0,0,14,14,47,-0.5681,0.823
2020-11-27,0.1916,-1.3899,-1.1262,0.1775,-1.0225,0.8995,-0.5845,0.6991,0.1452,-0.6811,-0.7991,-0.7987,11,-0.5,0.866,0,0,0,21,21,48,-0.4647,0.8855
2020-12-04,0.3106,-1.275,-1.3306,0.3449,-1.0167,0.8995,-0.521,0.9155,-0.1636,-0.6811,-0.7775,-0.9713,12,-0.0,1.0,0,0,0,28,0,49,-0.3546,0.935
2020-12-11,0.5723,-1.3437,-1.2781,0.2561,-1.0167,0.8995,-0.521,0.8822,-0.0671,-0.6811,-0.5595,-0.9037,12,-0.0,1.0,0,0,0,35,7,50,-0.2393,0.9709
2020-12-18,0.296,-1.294,-1.4581,0.3161,-1.0167,0.8995,-0.521,0.9321,-0.1636,-0.5613,-0.8801,-0.9589,12,-0.0,1.0,0,0,0,42,14,51,-0.1205,0.9927
2020-12-25,0.1679,-1.3121,-1.4,0.3058,-1.0167,0.8995,-0.521,0.9155,-0.1443,-0.6212,-1.0087,-0.9071,12,-0.0,1.0,0,0,0,49,21,52,0.0,1.0
2021-01-01,0.2987,-1.322,-1.4731,0.352,-1.0167,0.7631,-0.4564,0.8988,-0.3276,-0.6212,-0.8084,-0.9884,1,0.5,0.866,0,0,0,0,0,53,0.1205,0.9927
2021-01-08,0.4309,-1.152,-1.4431,0.5069,-1.0167,0.7631,-0.4564,1.2151,-0.4241,-0.6811,-0.592,-1.0341,1,0.5,0.866,0,0,0,7,7,1,0.1205,0.9927
2021-01-15,0.5947,-1.1592,-1.3156,0.5643,-1.0167,0.7631,-0.4564,1.1985,-0.4434,-0.741,-0.3357,-1.026,1,0.5,0.866,0,0,0,14,14,2,0.2393,0.9709
2021-01-22,0.4494,-1.1646,-1.4168,0.6445,-1.0225,0.7631,-0.4564,1.1818,-0.4337,-0.6811,-0.5124,-1.0042,1,0.5,0.866,0,0,0,21,21,3,0.3546,0.935
2021-01-29,1.6877,-1.1628,-1.3531,0.4584,-1.0282,0.7631,-0.4564,1.2318,-0.3951,-0.6811,1.1655,-0.9657,1,0.5,0.866,0,0,0,28,28,4,0.4647,0.8855
2021-02-05,0.1044,-1.0932,-1.2669,0.5701,-1.0225,0.6722,-0.4056,1.3982,-0.5978,-0.5613,-0.9732,-1.1104,2,0.866,0.5,0,0,0,0,0,5,0.5681,0.823
2021-02-12,0.2234,-1.0661,-1.3718,0.8216,-1.0225,0.6722,-0.4056,1.3816,-0.6943,-0.6212,-0.8012,-1.1288,2,0.866,0.5,0,0,0,7,7,6,0.6631,0.7485
2021-02-19,0.4057,-0.9349,-1.3943,0.8125,-1.0282,0.6722,-0.4056,1.6146,-0.7618,-0.6811,-0.55,-1.1128,2,0.866,0.5,0,0,0,14,14,7,0.7485,0.6631
2021-02-26,1.241,-0.8309,-1.2875,0.6447,-1.0282,0.6722,-0.4056,1.7312,-0.6557,-0.6212,0.5714,-0.9629,2,0.866,0.5,0,0,0,21,21,8,0.823,0.5681
2021-03-05,0.9542,-0.7459,-1.0906,0.4867,-1.0282,0.6268,-0.3258,1.9309,-0.5785,-0.6212,0.1903,-0.8539,3,1.0,0.0,0,0,0,0,0,9,0.8855,0.4647
2021-03-12,0.7176,-0.6726,-1.1469,0.514,-1.0282,0.6268,-0.3258,2.0641,-0.6267,-0.6212,-0.1256,-0.8709,3,1.0,0.0,0,0,0,7,7,10,0.935,0.3546
2021-03-19,0.6582,-0.5849,-1.1019,0.5503,-1.0282,0.6268,-0.3258,2.1973,-0.5109,-0.3816,-0.1983,-0.7344,3,1.0,0.0,0,0,0,14,14,11,0.9709,0.2393
2021-03-26,0.1282,-0.65,-0.9425,0.6537,-1.0282,0.6268,-0.3258,2.114,-0.6943,-0.4415,-0.8731,-0.8797,3,1.0,0.0,0,0,0,21,21,12,0.9927,0.1205
2021-04-02,-0.1929,-0.6328,-0.9125,0.8005,-1.0282,0.6268,-0.2445,2.114,-0.839,-0.4415,-1.2335,-0.9703,4,0.866,-0.5,0,0,0,28,0,13,1.0,-0.0
2021-04-09,-0.1903,-0.6446,-1.0569,0.8413,-1.0282,0.6268,-0.2445,2.0808,-0.9258,-0.5014,-1.148,-0.9911,4,0.866,-0.5,0,0,0,35,7,14,0.9927,-0.1205
2021-04-16,-0.5498,-0.7287,-1.1694,0.7936,-1.0282,0.6268,-0.2445,1.9476,-0.9451,-0.5014,-1.4946,-0.9493,4,0.866,-0.5,0,0,0,42,14,15,0.9709,-0.2393
2021-04-23,-0.3106,-0.7341,-1.3006,0.7519,-1.0282,0.6268,-0.2445,1.9309,-0.8776,-0.6212,-1.1278,-0.8339,4,0.866,-0.5,0,0,0,49,21,16,0.935,-0.3546
2021-04-30,-0.2339,-0.6762,-1.2219,0.6714,-1.0396,0.6268,-0.2445,2.0475,-0.8872,-0.5014,-0.9809,-0.798,4,0.866,-0.5,1,0,0,56,28,17,0.8855,-0.4647
2021-05-07,-0.2484,-0.7251,-1.4187,0.6792,-1.0339,0.4904,-0.1643,1.9975,-0.8969,-0.6811,-0.951,-0.7647,5,0.5,-0.866,0,0,0,0,0,18,0.823,-0.5681
2021-05-14,0.0423,-0.6726,-1.4018,0.5458,-1.0339,0.4904,-0.1643,2.0142,-0.8197,-0.6212,-0.6092,-0.6512,5,0.5,-0.866,0,0,0,7,7,19,0.7485,-0.6631
2021-05-21,-0.0489,-0.6753,-1.4581,0.6086,-1.0339,0.4904,-0.1643,1.9975,-0.8004,-0.6811,-0.6931,-0.5997,5,0.5,-0.866,0,0,0,14,14,20,0.6631,-0.7485
2021-05-28,-0.4269,-0.7215,-1.4562,0.7518,-1.0396,0.4904,-0.1643,1.9642,-0.8776,-0.8008,-1.0841,-0.6455,5,0.5,-0.866,0,0,0,21,21,21,0.5681,-0.823
2021-06-04,-0.4559,-0.7405,-1.4356,0.7815,-1.0339,0.5359,-0.08,1.9309,-0.8872,-0.8607,-1.0638,-0.6345,6,0.0,-1.0,0,0,0,0,0,22,0.4647,-0.8855
2021-06-11,-0.7282,-0.8291,-1.3568,0.7815,-1.0339,0.5359,-0.08,1.7478,-0.9548,-0.9805,-1.3172,-0.6983,6,0.0,-1.0,0,0,0,7,7,23,0.3546,-0.935
2021-06-18,-0.296,-0.8399,-1.0437,0.7224,-1.011,0.5359,-0.08,1.5481,-0.9837,-1.0404,-0.7457,-0.71,6,0.0,-1.0,0,0,0,14,14,24,0.2393,-0.9709
2021-06-25,-0.7084,-0.7622,-1.1225,0.8084,-1.011,0.5359,-0.08,1.6646,-1.1188,-0.9805,-1.1678,-0.853,6,0.0,-1.0,0,0,0,21,21,25,0.1205,-0.9927
2021-07-02,-0.7123,-0.8571,-1.0437,0.8897,-1.011,0.3086,-0.0085,1.5647,-1.1188,-0.9805,-1.1113,-0.828,7,-0.5,-0.866,0,0,0,0,0,26,-0.0,-1.0
2021-07-09,-0.4546,-0.925,-1.0625,0.8533,-1.011,0.3086,-0.0085,1.4648,-1.0899,-1.1003,-0.7916,-0.7919,7,-0.5,-0.866,0,0,0,7,7,27,-0.1205,-0.9927
2021-07-16,-0.4771,-0.9756,-0.9575,0.7214,-1.011,0.3086,-0.0085,1.3316,-0.9837,-1.0404,-0.8125,-0.6376,7,-0.5,-0.866,0,0,0,14,14,28,-0.2393,-0.9709
2021-07-23,-0.7414,-0.9883,-0.9163,0.8573,-1.011,0.3086,-0.0085,1.3649,-0.9451,-1.0404,-1.1226,-0.5572,7,-0.5,-0.866,0,0,0,21,21,29,-0.3546,-0.935
2021-07-30,-0.5101,-1.0308,-1.055,0.9331,-1.0282,0.3086,-0.0085,1.315,-0.9065,-1.1602,-0.7561,-0.4692,7,-0.5,-0.866,0,0,0,28,28,30,-0.4647,-0.8855
2021-08-06,-0.6687,-0.9847,-0.9369,1.0036,-1.011,0.1722,0.0517,1.3982,-0.8486,-1.1003,-0.9219,-0.3329,8,-0.866,-0.5,0,0,0,0,0,31,-0.5681,-0.823
2021-08-13,-0.8128,-0.9783,-0.9894,0.9241,-1.011,0.1722,0.0517,1.3316,-0.81,-1.1602,-1.0505,-0.216,8,-0.866,-0.5,0,0,0,7,7,32,-0.6631,-0.7485
2021-08-20,-0.489,-1.0118,-0.8056,0.8452,-1.0167,0.1722,0.0517,1.2817,-0.8004,-1.0404,-0.5954,-0.1609,8,-0.866,-0.5,0,0,0,14,14,33,-0.7485,-0.6631
2021-08-27,-0.8101,-0.9648,-0.9575,1.0487,-1.0225,0.1722,0.0517,1.3816,-0.9934,-1.1003,-0.9581,-0.6447,8,-0.866,-0.5,0,0,0,21,21,34,-0.823,-0.5681
2021-09-03,-0.6502,-0.9557,-1.0794,1.0649,-1.0225,-0.0096,0.1035,1.4315,-1.0223,-1.1003,-0.7082,-0.7241,9,-1.0,-0.0,0,0,0,0,0,35,-0.8855,-0.4647
2021-09-10,-0.2537,-0.9385,-0.9781,1.0518,-1.0225,-0.0096,0.1035,1.4315,-1.0513,-1.1003,-0.1881,-0.7998,9,-1.0,-0.0,0,0,0,7,7,36,-0.935,-0.3546
2021-09-17,-0.3172,-0.9123,-0.8619,1.0352,-1.0225,-0.0096,0.1035,1.4648,-1.1188,-1.0404,-0.2388,-0.9992,9,-1.0,-0.0,0,0,0,14,14,37,-0.9709,-0.2393
2021-09-24,-0.4943,-0.8309,-0.8375,1.0532,-1.0225,-0.0096,0.1035,1.5314,-1.1092,-0.9206,-0.44,-0.9451,9,-1.0,-0.0,0,0,0,21,21,38,-0.9927,-0.1205
2021-10-01,0.0264,-0.8137,-0.7044,0.8466,-1.0225,-0.1005,0.2084,1.5813,-0.9644,-0.9805,0.2304,-0.3954,10,-0.866,0.5,0,0,0,0,0,39,-1.0,-0.0
2021-10-08,-0.1995,-0.6998,-0.6988,0.824,-1.0225,-0.1005,0.2084,1.7145,-0.9644,-1.1003,-0.0268,-0.3727,10,-0.866,0.5,0,0,0,7,7,40,-0.9927,0.1205
2021-10-15,-0.8141,-0.726,-0.7231,0.9258,-1.0225,-0.1005,0.2084,1.5314,-1.0416,-1.1003,-0.8705,-0.6854,10,-0.866,0.5,0,0,0,14,14,41,-0.9709,0.2393
2021-10-22,-0.7335,-0.6545,-0.785,0.9853,-1.0225,-0.1005,0.2084,1.5314,-1.0899,-1.1602,-0.7039,-0.8543,10,-0.866,0.5,0,0,0,21,21,42,-0.935,0.3546
2021-10-29,-0.6647,-0.7432,-0.6894,1.0695,-1.0282,-0.1005,0.2084,1.3483,-1.0802,-1.0404,-0.5669,-0.7682,10,-0.866,0.5,0,0,0,28,28,43,-0.8855,0.4647
2021-11-05,-0.4097,-0.8372,-0.6519,1.3678,-1.0225,-0.2369,0.3147,1.3316,-1.0416,-0.9805,-0.1583,-0.572,11,-0.5,0.866,0,0,0,0,0,44,-0.823,0.5681
2021-11-12,-0.4295,-0.7206,-0.5,1.4263,-1.0225,-0.2369,0.3147,1.315,-1.0706,-0.8607,-0.1574,-0.6678,11,-0.5,0.866,0,0,0,7,7,45,-0.7485,0.6631
2021-11-19,-0.3859,-0.7622,-0.3238,1.5705,-1.0225,-0.2369,0.3147,1.2651,-0.9258,-0.8607,-0.0309,0.0528,11,-0.5,0.866,0,0,0,14,14,46,-0.6631,0.7485
2021-11-26,0.4996,-0.811,-0.3201,1.4042,-1.0225,-0.2369,0.3147,1.1985,-0.5592,-0.8008,1.9452,2.0686,11,-0.5,0.866,0,0,0,21,21,47,-0.5681,0.823
2021-12-03,1.1551,-0.9367,-0.3144,1.4269,-1.0225,-0.3732,0.4143,0.8156,-0.6171,-0.741,3.2535,1.7424,12,-0.0,1.0,0,0,0,0,0,48,-0.4647,0.8855
2021-12-10,-0.0951,-0.8047,-0.3276,1.5101,-1.0225,-0.3732,0.4143,0.9155,-0.8776,-0.6811,0.5494,0.3588,12,-0.0,1.0,0,0,0,7,7,49,-0.3546,0.935
2021-12-17,0.2485,-0.8834,-0.2301,1.3508,-1.0225,-0.3732,0.4143,0.8156,-0.81,-0.5613,1.2018,0.7062,12,-0.0,1.0,0,0,0,14,14,50,-0.2393,0.9709
2021-12-24,-0.4427,-0.8011,-0.3332,1.5408,-1.0225,-0.3732,0.4143,0.8822,-1.0416,-0.6811,-0.1472,-0.5184,12,-0.0,1.0,0,0,0,21,21,51,-0.1205,0.9927
2021-12-31,-0.4586,-0.7839,-0.3988,1.5477,-1.0282,-0.3732,0.4143,0.8822,-1.0609,-0.6212,-0.1704,-0.5801,12,-0.0,1.0,1,1,1,28,28,52,0.0,1.0
2022-01-07,0.1295,-0.5496,-0.3857,1.3922,-1.0225,-0.3278,0.5027,1.0486,-0.9644,-0.6811,0.9362,-0.0582,1,0.5,0.866,0,0,0,0,0,1,0.1205,0.9927
2022-01-14,0.1388,-0.5487,-0.4925,1.5231,-1.0225,-0.3278,0.5027,0.8822,-1.0706,-0.8607,0.9353,-0.5829,1,0.5,0.866,0,0,0,7,7,2,0.2393,0.9709
2022-01-21,1.241,-0.5713,-0.4044,1.0638,-1.0225,-0.3278,0.5027,0.7989,-0.8776,-0.9805,2.8882,0.4316,1,0.5,0.866,0,0,0,14,14,3,0.3546,0.935
2022-01-28,1.1419,-0.5397,-0.0988,0.9324,-1.0225,-0.3278,0.5027,0.6158,-0.5688,-0.9805,2.1601,1.9821,1,0.5,0.866,0,0,0,21,21,4,0.4647,0.8855
2022-02-04,0.7467,-0.4058,-0.4344,1.074,-1.0225,-0.4187,0.5987,0.5992,-0.6171,-0.9805,1.4457,1.5923,2,0.866,0.5,0,0,0,0,0,5,0.5681,0.823
2022-02-11,1.2542,-0.3832,-0.3219,0.9789,-1.0225,-0.4187,0.5987,0.2662,-0.5206,-0.9805,2.0165,1.8907,2,0.866,0.5,0,0,0,7,7,6,0.6631,0.7485
2022-02-18,1.1075,-0.404,-0.3294,0.9789,-1.0225,-0.4187,0.5987,0.3162,-0.4048,-0.9805,1.6575,2.0932,2,0.866,0.5,0,0,0,14,14,7,0.7485,0.6631
2022-02-25,0.8617,-0.3552,-0.2207,1.0472,-1.0225,-0.4187,0.5987,0.2662,-0.5592,-0.9805,1.2289,1.2771,2,0.866,0.5,0,0,0,21,21,8,0.823,0.5681
2022-03-04,1.3507,-0.5921,0.1599,0.8496,-1.0225,-0.4641,0.7425,-0.0334,-0.289,-0.9805,1.6731,2.0087,3,1.0,0.0,0,0,0,0,0,9,0.8855,0.4647
2022-03-11,1.3454,-0.3389,0.248,0.7247,-1.0225,-0.4641,0.7425,-0.0168,-0.1443,-0.9805,1.5091,2.1335,3,1.0,0.0,0,0,0,7,7,10,0.935,0.3546
2022-03-18,0.4084,-0.2086,0.0812,1.0304,-0.8793,-0.4641,0.7425,-0.1499,-0.3758,-0.9805,0.4687,1.2613,3,1.0,0.0,0,0,0,14,14,11,0.9709,0.2393
2022-03-25,0.3529,0.1025,0.1899,1.1106,-0.8793,-0.4641,0.7425,-0.1333,-0.6653,-0.9805,0.3858,0.4545,3,1.0,0.0,0,0,0,21,21,12,0.9927,0.1205
2022-04-01,0.1639,-0.0015,0.1562,0.9811,-0.8793,-0.4641,0.7919,-0.5162,-0.7714,-0.9805,0.1714,0.1697,4,0.866,-0.5,0,0,0,28,0,13,1.0,-0.0
2022-04-08,0.448,0.3024,0.3755,0.7386,-0.8793,-0.4641,0.7919,-0.1166,-0.6074,-0.9805,0.4436,0.5773,4,0.866,-0.5,0,0,0,35,7,14,0.9927,-0.1205
2022-04-15,0.5538,0.4064,0.473,0.6258,-0.8793,-0.4641,0.7919,0.1664,-0.5013,-0.9805,0.5249,0.811,4,0.866,-0.5,0,0,0,42,14,15,0.9709,-0.2393
2022-04-22,1.4168,0.477,0.6417,0.5802,-0.8793,-0.4641,0.7919,-0.1333,-0.5302,-0.9805,1.3982,0.7113,4,0.866,-0.5,0,0,0,49,21,16,0.935,-0.3546
2022-04-29,1.7947,0.4598,0.968,0.5165,-0.8793,-0.4641,0.7919,-0.1166,-0.2601,-0.9805,1.6776,1.3091,4,0.866,-0.5,0,0,0,56,28,17,0.8855,-0.4647
2022-05-06,1.6824,0.6732,1.0992,0.5533,-0.5931,-0.5096,0.8946,0.2329,-0.0188,-0.9805,1.4591,1.7234,5,0.5,-0.866,0,0,0,0,0,18,0.823,-0.5681
2022-05-13,1.7101,0.5032,1.2679,0.548,-0.5931,-0.5096,0.8946,0.0998,0.4154,-0.9805,1.3599,2.2783,5,0.5,-0.866,0,0,0,7,7,19,0.7485,-0.6631
2022-05-20,1.5212,0.3693,1.0036,0.4945,-0.5931,-0.5096,0.8946,-0.1333,0.6855,-0.9805,1.1079,2.34,5,0.5,-0.866,0,0,0,14,14,20,0.6631,-0.7485
2022-05-27,0.9687,0.3295,0.7261,0.7222,-0.5931,-0.5096,0.8946,0.0165,-0.0092,0.0,0.5449,1.0015,5,0.5,-0.866,0,0,0,21,21,21,0.5681,-0.823
2022-06-03,0.9357,0.5231,0.8142,0.6715,-0.5931,-0.5096,1.055,0.0665,0.0101,0.0,0.4867,0.9727,6,0.0,-1.0,0,0,0,28,0,22,0.4647,-0.8855
2022-06-10,1.2291,0.7031,1.1911,0.4377,-0.5931,-0.5096,1.055,-0.2831,0.2996,0.0,0.7376,1.3265,6,0.0,-1.0,0,0,0,35,7,23,0.3546,-0.935
2022-06-17,1.5846,0.7781,1.2942,0.2004,-0.1637,-0.5096,1.055,-0.2998,0.9171,0.0,1.0112,1.9942,6,0.0,-1.0,0,0,0,42,14,24,0.2393,-0.9709
2022-06-24,1.2027,0.675,1.1986,0.3377,-0.1637,-0.5096,1.055,-0.2831,0.946,0.0,0.6145,1.7705,6,0.0,-1.0,0,0,0,49,21,25,0.1205,-0.9927
2022-07-01,1.2687,0.4616,1.3767,0.0742,-0.1637,-0.555,1.0539,-0.3663,1.6601,0.0,0.6425,2.3074,7,-0.5,-0.866,0,0,0,0,0,26,-0.0,-1.0
2022-07-08,0.8604,0.6533,1.7273,0.2394,-0.1637,-0.555,1.0539,-0.4829,1.1197,0.0,0.2053,1.4714,7,-0.5,-0.866,0,0,0,7,7,27,-0.1205,-0.9927
2022-07-15,0.756,0.4987,1.9241,0.3198,-0.1637,-0.555,1.0539,-0.7659,1.1487,0.0,0.0544,1.3678,7,-0.5,-0.866,0,0,0,14,14,28,-0.2393,-0.9709
2022-07-22,0.5974,0.3657,1.6748,0.4763,-0.1637,-0.555,1.0539,-0.7825,0.7338,0.0,-0.1532,0.913,7,-0.5,-0.866,0,0,0,21,21,29,-0.3546,-0.935
2022-07-29,0.341,0.2382,1.5192,0.612,0.26,-0.555,1.0539,-0.7992,0.5504,0.0,-0.4916,0.6969,7,-0.5,-0.866,0,0,0,28,28,30,-0.4647,-0.8855
2022-08-05,0.3251,0.4173,1.6542,0.6964,0.2657,-0.5096,1.1008,-1.1154,0.232,0.0,-0.5442,0.3779,8,-0.866,-0.5,0,0,0,0,0,31,-0.5681,-0.823
2022-08-12,0.0674,0.4254,1.4686,0.7192,0.2657,-0.5096,1.1008,-1.1154,0.0487,0.0,-0.8342,0.1937,8,-0.866,-0.5,0,0,0,7,7,32,-0.6631,-0.7485
2022-08-19,0.2736,0.552,1.9448,0.5836,0.2657,-0.5096,1.1008,-0.8824,0.2417,0.0,-0.5776,0.3493,8,-0.866,-0.5,0,0,0,14,14,33,-0.7485,-0.6631
2022-08-26,0.9317,0.5936,2.0629,0.4227,0.2657,-0.5096,1.1008,-0.9823,0.4347,0.0,0.1775,0.4998,8,-0.866,-0.5,0,0,0,21,21,34,-0.823,-0.5681
2022-09-02,1.011,0.7365,2.1997,0.2287,0.2657,-0.555,1.1606,-0.7659,0.8303,0.0,0.2445,0.8302,9,-1.0,-0.0,0,0,0,0,0,35,-0.8855,-0.4647
2022-09-09,0.6027,0.8523,2.1004,0.3468,0.2657,-0.555,1.1606,-0.8158,0.3575,0.0,-0.3384,0.3493,9,-1.0,-0.0,0,0,0,7,7,36,-0.935,-0.3546
2022-09-16,1.0784,0.9672,2.2429,0.1776,0.2657,-0.555,1.1606,-1.0988,0.7724,0.0,0.2698,0.7216,9,-1.0,-0.0,0,0,0,14,14,37,-0.9709,-0.2393
2022-09-23,1.3494,1.1924,2.8859,0.0269,0.6951,-0.555,1.1606,-1.2819,0.8882,0.0,0.6357,0.8056,9,-1.0,-0.0,0,0,0,21,21,38,-0.9927,-0.1205
2022-09-30,1.578,1.2892,2.6853,-0.0678,0.6951,-0.555,1.1606,-1.0822,1.1873,0.0,0.9364,1.0626,9,-1.0,-0.0,1,1,0,28,28,39,-1.0,-0.0
2022-10-07,1.611,1.3606,2.8128,-0.0224,0.6951,-0.5096,1.2395,-1.1154,0.7917,0.0,0.9873,0.6178,10,-0.866,0.5,0,0,0,0,0,40,-0.9927,0.1205
2022-10-14,1.7286,1.4755,2.9084,-0.2242,0.6951,-0.5096,1.2395,-1.232,0.9171,0.0,1.0919,0.7083,10,-0.866,0.5,0,0,0,7,7,41,-0.9709,0.2393
2022-10-21,1.3983,1.6591,2.6647,-0.0518,0.6951,-0.5096,1.2395,-0.899,0.7627,0.0,0.5762,0.5173,10,-0.866,0.5,0,0,0,14,14,42,-0.935,0.3546
2022-10-28,0.9502,1.4755,2.4135,0.0322,0.6951,-0.5096,1.2395,-1.0822,0.3285,0.0,-0.0745,0.0289,10,-0.866,0.5,0,0,0,21,21,43,-0.8855,0.4647
2022-11-04,0.8181,1.6075,2.4528,0.0142,1.1245,-0.5096,1.2834,-1.2486,0.5504,0.0,-0.2559,0.2457,11,-0.5,0.866,0,0,0,28,0,44,-0.823,0.5681
2022-11-11,0.5683,1.2973,1.5923,0.3983,1.1245,-0.5096,1.2834,-1.2986,0.589,0.0,-0.6016,0.2623,11,-0.5,0.866,0,0,0,35,7,45,-0.7485,0.6631
2022-11-18,0.6053,1.3018,1.7123,0.3815,1.1245,-0.5096,1.2834,-1.5816,0.4347,0.0,-0.5194,0.068,11,-0.5,0.866,0,0,0,42,14,46,-0.6631,0.7485
2022-11-25,0.2802,1.187,1.5304,0.4041,1.1245,-0.5096,1.2834,-1.6648,0.3092,0.0,-0.9522,-0.0934,11,-0.5,0.866,0,0,0,49,21,47,-0.5681,0.823
2022-12-02,0.0146,1.0196,1.2661,0.4385,1.1245,-0.555,1.3065,-1.7147,0.2899,0.0,-1.3088,-0.1477,12,-0.0,1.0,0,0,0,0,0,48,-0.4647,0.8855
2022-12-09,0.4322,1.0748,1.3148,0.3883,1.1245,-0.555,1.3065,-1.6981,0.2513,0.0,-0.7196,-0.2455,12,-0.0,1.0,0,0,0,7,7,49,-0.3546,0.935
2022-12-16,0.3516,0.9979,1.2942,0.3039,1.4108,-0.555,1.3065,-1.5816,0.454,0.0,-0.8406,-0.0267,12,-0.0,1.0,0,0,0,14,14,50,-0.2393,0.9709
2022-12-23,0.2194,1.2412,1.2211,0.2022,1.4108,-0.555,1.3065,-1.3652,0.3768,0.0,-1.0007,-0.1813,12,-0.0,1.0,0,0,0,21,21,51,-0.1205,0.9927
2022-12-30,0.3872,1.357,1.073,0.1951,1.4108,-0.555,1.3065,-1.3152,0.5697,0.0,-0.739,0.0643,12,-0.0,1.0,0,0,0,28,28,52,0.0,1.0
2023-01-06,0.3027,1.0766,1.1405,0.3104,1.4108,-0.555,1.3978,-1.5816,0.261,0.0,-0.8178,-0.5099,1,0.5,0.866,0,0,0,35,0,1,0.1205,0.9927
2023-01-13,-0.1123,1.0241,0.8255,0.497,1.4108,-0.555,1.3978,-1.6481,0.0101,0.0,-1.3378,-0.9938,1,0.5,0.866,0,0,0,42,7,2,0.2393,0.9709
2023-01-20,-0.0172,0.9997,0.7899,0.5176,1.4108,-0.555,1.3978,-1.5316,0.1452,0.0,-1.1535,-0.7302,1,0.5,0.866,0,0,0,49,14,3,0.3546,0.935
2023-01-27,-0.0132,1.0305,0.7749,0.6752,1.4108,-0.555,1.3978,-1.5483,0.0294,0.0,-1.0808,-0.8959,1,0.5,0.866,0,0,0,56,21,4,0.4647,0.8855
2023-02-03,0.0965,1.0431,0.9605,0.8027,1.5539,-0.5096,1.4484,-1.7147,-0.2408,0.0,-0.867,-1.306,2,0.866,0.5,0,0,0,0,0,5,0.5681,0.823
2023-02-10,0.3198,1.2349,1.0936,0.7377,1.5539,-0.5096,1.4484,-1.6981,0.0391,0.0,-0.5185,-0.8115,2,0.866,0.5,0,0,0,7,7,6,0.6631,0.7485
2023-02-17,0.152,1.3109,1.1367,0.7213,1.5539,-0.5096,1.4484,-1.7314,0.1741,0.0,-0.7085,-0.5798,2,0.866,0.5,0,0,0,14,14,7,0.7485,0.6631
2023-02-24,0.3317,1.4203,1.3898,0.6611,1.5539,-0.5096,1.4484,-1.8146,0.0777,0.0,-0.4332,-0.714,2,0.866,0.5,0,0,0,21,21,8,0.823,0.5681
2023-03-03,-0.041,1.4339,1.2604,0.7503,1.5482,-0.555,1.4728,-1.9145,-0.1443,0.0,-0.9279,-1.03,3,1.0,0.0,0,0,0,0,0,9,0.8855,0.4647
2023-03-10,0.4322,1.1906,1.2717,0.6546,1.5482,-0.555,1.4728,-1.9311,0.3961,0.0,-0.2027,-0.091,3,1.0,0.0,0,0,0,7,7,10,0.935,0.3546
2023-03-17,0.4864,0.9192,1.1086,0.8211,1.5539,-0.555,1.4728,-1.1321,0.9364,0.0,-0.0975,0.9504,3,1.0,0.0,0,0,0,14,14,11,0.9709,0.2393
2023-03-24,0.1467,0.9057,0.998,0.8779,1.697,-0.555,1.4728,-1.0655,0.9846,0.0,-0.5696,1.1016,3,1.0,0.0,0,0,0,21,21,12,0.9927,0.1205
2023-03-31,-0.1414,1.0088,0.8836,0.9911,1.697,-0.555,1.4728,-1.3984,0.3671,0.0,-0.9458,-0.0946,3,1.0,0.0,1,1,0,28,28,13,1.0,-0.0
2023-04-07,-0.107,0.8225,0.7542,0.8486,1.697,-0.6005,1.5323,-1.3984,0.618,0.0,-0.848,0.4202,4,0.866,-0.5,0,0,0,0,0,14,0.9927,-0.1205
2023-04-14,-0.3238,1.0341,0.7036,0.8443,1.697,-0.6005,1.5323,-1.3652,0.2224,0.0,-1.1084,-0.3724,4,0.866,-0.5,0,0,0,7,7,15,0.9709,-0.2393
2023-04-21,-0.4467,1.0775,0.7542,0.7949,1.697,-0.6005,1.5323,-1.4317,0.2513,0.0,-1.2055,-0.32,4,0.866,-0.5,0,0,0,14,14,16,0.935,-0.3546
2023-04-28,-0.6013,0.9708,0.7261,0.7805,1.697,-0.6005,1.5323,-1.4317,0.2899,0.0,-1.3457,-0.2573,4,0.866,-0.5,0,0,0,21,21,17,0.8855,-0.4647
2023-05-05,-0.5696,0.9654,0.6399,0.8005,1.8402,-0.5096,1.5609,-1.232,0.5504,0.0,-1.2187,0.2679,5,0.5,-0.866,0,0,0,0,0,18,0.823,-0.5681
2023-05-12,-0.6793,0.9807,0.9155,0.7614,1.8402,-0.5096,1.5609,-1.2986,0.5408,0.0,-1.2567,0.2565,5,0.5,-0.866,0,0,0,7,7,19,0.7485,-0.6631
2023-05-19,-0.6595,1.1879,1.013,1.0362,1.8402,-0.5096,1.5609,-1.3984,0.4057,0.0,-1.1394,-0.0101,5,0.5,-0.866,0,0,0,14,14,20,0.6631,-0.7485
2023-05-26,-0.3251,1.2946,1.2023,1.4077,1.8402,-0.5096,1.5609,-1.6648,0.3189,0.0,-0.6923,-0.1857,5,0.5,-0.866,0,0,0,21,21,21,0.5681,-0.823
2023-06-02,-0.711,1.187,1.1667,1.3754,1.8402,-0.5096,1.6069,-1.7813,0.1645,0.0,-1.0926,-0.4915,6,0.0,-1.0,0,0,0,28,0,22,0.4647,-0.8855
2023-06-09,-0.7639,1.2358,1.0805,1.3939,1.8402,-0.5096,1.6069,-1.8313,0.0873,0.0,-1.1043,-0.6396,6,0.0,-1.0,0,0,0,35,7,23,0.3546,-0.935
2023-06-16,-0.6766,1.2575,0.8442,1.5667,1.8402,-0.5096,1.6069,-1.9811,-0.0478,0.0,-0.9647,-0.9267,6,0.0,-1.0,0,0,0,42,14,24,0.2393,-0.9709
2023-06-23,-0.711,1.2304,0.9567,1.4122,1.8344,-0.5096,1.6069,-2.0477,0.1934,0.0,-1.0122,-0.3187,6,0.0,-1.0,0,0,0,49,21,25,0.1205,-0.9927
2023-06-30,-0.6766,1.3027,0.9586,1.5369,1.8402,-0.5096,1.6069,-2.1975,-0.1443,0.0,-0.9728,-1.13,6,0.0,-1.0,1,1,0,56,28,26,-0.0,-1.0
2023-07-07,-0.5379,1.5117,0.8386,1.4523,1.8402,-0.555,1.6268,-1.8979,-0.1153,0.0,-0.7507,-0.9845,7,-0.5,-0.866,0,0,0,0,0,27,-0.1205,-0.9927
2023-07-14,-0.6634,1.3027,0.3961,1.6598,1.8402,-0.555,1.6268,-1.9478,-0.289,0.0,-0.9194,-1.3261,7,-0.5,-0.866,0,0,0,7,7,28,-0.2393,-0.9709
2023-07-21,-0.6687,1.319,0.6136,1.5776,1.8402,-0.555,1.6268,-2.0643,-0.2987,0.0,-0.8915,-1.2489,7,-0.5,-0.866,0,0,0,14,14,29,-0.3546,-0.935
2023-07-28,-0.7599,1.4384,0.7167,1.7549,1.9833,-0.555,1.6268,-1.9478,-0.3662,0.0,-1.0021,-1.2941,7,-0.5,-0.866,0,0,0,21,21,30,-0.4647,-0.8855
2023-08-04,-0.3502,1.5207,0.7917,1.5897,1.9833,-0.4641,1.6791,-1.6481,-0.1829,0.0,-0.2624,-0.8142,8,-0.866,-0.5,0,0,0,0,0,31,-0.5681,-0.823
2023-08-11,-0.5577,1.6184,0.9455,1.3773,1.9833,-0.4641,1.6791,-1.6481,-0.3565,0.0,-0.591,-1.1198,8,-0.866,-0.5,0,0,0,7,7,32,-0.6631,-0.7485
2023-08-18,-0.3515,1.6935,1.0467,1.3752,1.9833,-0.4641,1.6791,-1.5316,-0.1732,0.0,-0.2022,-0.6796,8,-0.866,-0.5,0,0,0,14,14,33,-0.7485,-0.6631
2023-08-25,-0.5009,1.6826,1.1779,1.4534,1.9833,-0.4641,1.6791,-1.7314,-0.289,0.0,-0.4418,-0.8683,8,-0.866,-0.5,0,0,0,21,21,34,-0.823,-0.5681
2023-09-01,-0.8273,1.6229,1.2079,1.6415,1.9833,-0.4187,1.7437,-1.5816,-0.3758,0.0,-0.9915,-0.979,9,-1.0,-0.0,0,0,0,0,0,35,-0.8855,-0.4647
2023-09-08,-0.7295,1.6998,1.3673,1.4875,1.9833,-0.4187,1.7437,-1.6315,-0.3372,0.0,-0.7678,-0.8492,9,-1.0,-0.0,0,0,0,7,7,36,-0.935,-0.3546
2023-09-15,-0.7903,1.7577,1.4104,1.3931,1.9833,-0.4187,1.7437,-1.5816,-0.3951,0.0,-0.8387,-0.9078,9,-1.0,-0.0,0,0,0,14,14,37,-0.9709,-0.2393
2023-09-22,-0.3515,1.8626,1.4592,1.265,1.9833,-0.4187,1.7437,-1.5316,-0.2601,0.0,0.0311,-0.6116,9,-1.0,-0.0,0,0,0,21,21,38,-0.9927,-0.1205
2023-09-29,-0.448,1.9847,1.5698,1.3448,1.9833,-0.4187,1.7437,-1.1654,-0.1636,0.0,-0.1384,-0.4165,9,-1.0,-0.0,0,0,0,28,28,39,-1.0,-0.0
2023-10-06,-0.4308,2.1755,1.5454,1.4338,1.9833,-0.3732,1.7531,-0.9323,0.1259,0.0,-0.0887,0.1211,10,-0.866,0.5,0,0,0,0,0,40,-0.9927,0.1205
2023-10-13,-0.2537,2.0353,1.6598,1.4346,1.9833,-0.3732,1.7531,-1.1154,0.097,0.0,0.2891,0.0621,10,-0.866,0.5,0,0,0,7,7,41,-0.9709,0.2393
2023-10-20,0.0846,2.3022,1.5679,1.2687,1.9833,-0.3732,1.7531,-0.666,0.3092,0.0,1.0127,0.4415,10,-0.866,0.5,0,0,0,14,14,42,-0.935,0.3546
2023-10-27,-0.0304,2.2307,1.6429,1.1685,1.9833,-0.3732,1.7531,-0.6826,0.3189,0.0,0.8065,0.446,10,-0.866,0.5,0,0,0,21,21,43,-0.8855,0.4647
2023-11-03,-0.7995,1.9711,1.3542,1.4645,1.9833,-0.4641,1.7544,-0.8657,-0.1539,0.0,-0.8136,-0.4276,11,-0.5,0.866,0,0,0,0,0,44,-0.823,0.5681
2023-11-10,-0.8881,2.0344,1.5117,1.6698,1.9833,-0.4641,1.7544,-1.1487,-0.1636,0.0,-0.9783,-0.4356,11,-0.5,0.866,0,0,0,7,7,45,-0.7485,0.6631
2023-11-17,-0.9595,1.8653,1.1292,1.8096,1.9833,-0.4641,1.7544,-1.1654,-0.2022,0.0,-1.0948,-0.4972,11,-0.5,0.866,0,0,0,14,14,46,-0.6631,0.7485
2023-11-24,-1.1299,1.8933,1.0505,1.7882,1.9833,-0.4641,1.7544,-1.182,-0.3372,0.0,-1.5185,-0.7213,11,-0.5,0.866,0,0,0,21,21,47,-0.5681,0.823
2023-12-01,-1.1181,1.6708,1.0261,1.7715,1.9833,-0.4187,1.7785,-0.9989,-0.3179,0.0,-1.4792,-0.6666,12,-0.0,1.0,0,0,0,0,0,48,-0.4647,0.8855
2023-12-08,-1.1537,1.688,1.1648,1.8072,1.9833,-0.4187,1.7785,-1.232,-0.4337,0.0,-1.5088,-0.8881,12,-0.0,1.0,0,0,0,7,7,49,-0.3546,0.935
2023-12-15,-1.2158,1.4013,0.8911,2.1137,1.9833,-0.4187,1.7785,-1.3152,-0.6653,0.0,-1.55,-1.3329,12,-0.0,1.0,0,0,0,14,14,50,-0.2393,0.9709
2023-12-22,-1.0639,1.3769,0.7317,2.1202,1.9833,-0.4187,1.7785,-1.1154,-0.7811,0.0,-1.0792,-1.4733,12,-0.0,1.0,0,0,0,21,21,51,-0.1205,0.9927
2023-12-29,-1.1194,1.3452,0.6624,2.1624,1.9833,-0.4187,1.7785,-1.0156,-0.8293,0.0,-1.1434,-1.4299,12,-0.0,1.0,0,0,0,28,28,52,0.0,1.0
