ticker,month,sentiment_mean,sentiment_std,news_count,confidence_mean,company,google_news_count,reddit_news_count,yahoo_news_count,google_sentiment_mean,reddit_sentiment_mean,yahoo_sentiment_mean,sentiment_weighted
ARBE,2022-01,0.0,0.0,1,0.9531899094581604,Arbe Robotics Ltd,1.0,0.0,0.0,0.0,0.0,0.0,0.0
ARBE,2022-07,0.0,0.0,2,0.8445237576961517,Arbe Robotics Ltd,2.0,0.0,0.0,0.0,0.0,0.0,0.0
ARBE,2022-11,0.0,0.0,1,0.9364288449287415,Arbe Robotics Ltd,1.0,0.0,0.0,0.0,0.0,0.0,0.0
ARBE,2023-01,0.0,0.0,2,0.8562425971031189,Arbe Robotics Ltd,2.0,0.0,0.0,0.0,0.0,0.0,0.0
ARBE,2023-02,0.0,0.0,2,0.7728197276592255,Arbe Robotics Ltd,2.0,0.0,0.0,0.0,0.0,0.0,0.0
ARBE,2023-03,-0.8298921585083008,0.0,1,0.8298921585083008,Arbe Robotics Ltd,1.0,0.0,0.0,-0.8298921585083008,0.0,0.0,-0.2766307195027669
ARBE,2023-04,0.7251532673835754,0.0,1,0.7251532673835754,Arbe Robotics Ltd,1.0,0.0,0.0,0.7251532673835754,0.0,0.0,0.24171775579452515
ARBE,2024-01,0.0,0.0,1,0.8996953368186951,Arbe Robotics Ltd,1.0,0.0,0.0,0.0,0.0,0.0,0.0
ARBE,2024-02,0.0,0.0,1,0.8768947124481201,Arbe Robotics Ltd,1.0,0.0,0.0,0.0,0.0,0.0,0.0
ARBE,2024-03,0.0,0.0,2,0.9276865720748901,Arbe Robotics Ltd,2.0,0.0,0.0,0.0,0.0,0.0,0.0
ARBE,2024-05,0.0,0.0,3,0.9013418157895406,Arbe Robotics Ltd,3.0,0.0,0.0,0.0,0.0,0.0,0.0
ARBE,2024-06,-0.9062375426292419,0.0,1,0.9062375426292419,Arbe Robotics Ltd,1.0,0.0,0.0,-0.9062375426292419,0.0,0.0,-0.30207918087641394
ARBE,2024-07,0.2624726891517639,0.3711924367509621,2,0.6794382929801941,Arbe Robotics Ltd,2.0,0.0,0.0,0.2624726891517639,0.0,0.0,0.0874908963839213
ARBE,2024-08,0.0,0.0,4,0.8844061642885208,Arbe Robotics Ltd,3.0,1.0,0.0,0.0,0.0,0.0,0.0
ARBE,2024-09,0.1794377326965332,0.4012349680378849,5,0.7568446815013885,Arbe Robotics Ltd,4.0,1.0,0.0,0.2242971658706665,0.0,0.0,0.07476572195688883
ARBE,2024-10,0.0,0.0,1,0.9478991627693176,Arbe Robotics Ltd,1.0,0.0,0.0,0.0,0.0,0.0,0.0
ARBE,2024-11,0.1290760040283203,0.2581520080566406,4,0.6621246635913849,Arbe Robotics Ltd,0.0,4.0,0.0,0.0,0.1290760040283203,0.0,0.043025334676106766
ARBE,2024-12,0.0,0.0,2,0.875318169593811,Arbe Robotics Ltd,1.0,1.0,0.0,0.0,0.0,0.0,0.0
ARBE,2025-01,0.034078969955444335,0.4007222820553801,25,0.84875,Arbe Robotics Ltd,20.0,3.0,2.0,-0.004452145099639893,0.0,0.4705085754394531,0.1553521434466044
ARBE,2025-02,-0.22559039294719696,0.41912778886742974,8,0.8686016947031021,Arbe Robotics Ltd,6.0,1.0,1.0,-0.30078719059626263,0.0,0.0,-0.10026239686542088
ARBE,2025-03,-0.03370506422860282,0.38638201865364336,14,0.7946986641202655,Arbe Robotics Ltd,9.0,2.0,3.0,0.0,0.0,-0.15729029973347983,-0.05243009991115994
ARBE,2025-04,-0.025533270835876466,0.4031114650981797,10,0.9028684854507446,Arbe Robotics Ltd,6.0,3.0,1.0,0.11996732155481975,0.0,-0.9751366376876831,-0.28505643871095443
ARBE,2025-05,-0.19509629408518472,0.48144915370306585,15,0.8506332437197367,Arbe Robotics Ltd,9.0,5.0,1.0,-0.224482085969713,0.0,-0.906105637550354,-0.376862574506689
ARBE,2025-06,-0.11543816328048706,0.5341701063721449,7,0.8351884654590062,Arbe Robotics Ltd,6.0,0.0,1.0,0.010847737391789755,0.0,-0.873153567314148,-0.28743527664078605
ARBE,2025-07,0.14858255061236295,0.2913177133160489,22,0.8222543163733049,Arbe Robotics Ltd,20.0,1.0,1.0,0.09079832136631012,0.508017897605896,0.9448317885398865,0.5145493358373642
ARBE,2025-08,0.0,0.0,5,0.9222124218940735,Arbe Robotics Ltd,5.0,0.0,0.0,0.0,0.0,0.0,0.0
RGTI,2021-10,0.0,0.0,3,0.803623616695404,Rigetti Computing Inc,3.0,0.0,0.0,0.0,0.0,0.0,0.0
RGTI,2022-03,0.0,0.0,4,0.8949617743492126,Rigetti Computing Inc,4.0,0.0,0.0,0.0,0.0,0.0,0.0
RGTI,2022-04,0.0,0.0,1,0.9436922669410706,Rigetti Computing Inc,1.0,0.0,0.0,0.0,0.0,0.0,0.0
RGTI,2022-09,0.0,0.0,2,0.9340683817863464,Rigetti Computing Inc,2.0,0.0,0.0,0.0,0.0,0.0,0.0
RGTI,2023-01,0.0,0.0,1,0.8806850910186768,Rigetti Computing Inc,1.0,0.0,0.0,0.0,0.0,0.0,0.0
RGTI,2023-02,0.0,0.0,1,0.5283980965614319,Rigetti Computing Inc,1.0,0.0,0.0,0.0,0.0,0.0,0.0
RGTI,2023-03,0.0,0.0,1,0.8892937898635864,Rigetti Computing Inc,1.0,0.0,0.0,0.0,0.0,0.0,0.0
RGTI,2023-04,0.0,0.0,1,0.9478915333747864,Rigetti Computing Inc,1.0,0.0,0.0,0.0,0.0,0.0,0.0
RGTI,2023-05,0.0,0.0,1,0.939049482345581,Rigetti Computing Inc,1.0,0.0,0.0,0.0,0.0,0.0,0.0
RGTI,2023-06,0.0,0.0,1,0.7852212190628052,Rigetti Computing Inc,1.0,0.0,0.0,0.0,0.0,0.0,0.0
RGTI,2023-07,0.0,0.0,1,0.9244427680969238,Rigetti Computing Inc,1.0,0.0,0.0,0.0,0.0,0.0,0.0
RGTI,2023-08,0.3168267607688904,0.5487600468491881,3,0.948743979136149,Rigetti Computing Inc,3.0,0.0,0.0,0.3168267607688904,0.0,0.0,0.10560892025629678
RGTI,2023-09,0.0,0.0,7,0.9168522272791181,Rigetti Computing Inc,7.0,0.0,0.0,0.0,0.0,0.0,0.0
RGTI,2023-10,0.0,0.0,2,0.7947868704795837,Rigetti Computing Inc,2.0,0.0,0.0,0.0,0.0,0.0,0.0
RGTI,2023-11,0.0,0.0,1,0.9400129914283752,Rigetti Computing Inc,1.0,0.0,0.0,0.0,0.0,0.0,0.0
RGTI,2023-12,0.0,0.0,1,0.8886486887931824,Rigetti Computing Inc,1.0,0.0,0.0,0.0,0.0,0.0,0.0
RGTI,2024-01,0.0,0.0,2,0.9100987911224365,Rigetti Computing Inc,2.0,0.0,0.0,0.0,0.0,0.0,0.0
RGTI,2024-02,0.0,0.0,2,0.913157731294632,Rigetti Computing Inc,2.0,0.0,0.0,0.0,0.0,0.0,0.0
RGTI,2024-03,0.4695127606391907,0.6639913138031761,2,0.7570192217826843,Rigetti Computing Inc,2.0,0.0,0.0,0.4695127606391907,0.0,0.0,0.15650425354639688
RGTI,2024-04,0.0,0.0,4,0.9062194526195526,Rigetti Computing Inc,4.0,0.0,0.0,0.0,0.0,0.0,0.0
RGTI,2024-05,0.0,0.0,7,0.9088411671774728,Rigetti Computing Inc,7.0,0.0,0.0,0.0,0.0,0.0,0.0
RGTI,2024-06,0.0,0.0,4,0.878796324133873,Rigetti Computing Inc,4.0,0.0,0.0,0.0,0.0,0.0,0.0
RGTI,2024-07,0.0,0.0,8,0.8797490000724792,Rigetti Computing Inc,8.0,0.0,0.0,0.0,0.0,0.0,0.0
RGTI,2024-08,0.0,0.0,2,0.6384637951850891,Rigetti Computing Inc,2.0,0.0,0.0,0.0,0.0,0.0,0.0
RGTI,2024-09,0.037815213203430176,0.8940649088426391,3,0.8941616813341776,Rigetti Computing Inc,3.0,0.0,0.0,0.037815213203430176,0.0,0.0,0.012605071067810059
RGTI,2024-10,-0.1465684043036567,0.29837393356941827,9,0.7921340862909952,Rigetti Computing Inc,7.0,2.0,0.0,-0.1884450912475586,0.0,0.0,-0.06281503041585286
RGTI,2024-11,0.2300730288028717,0.37253805430497744,10,0.8637295842170716,Rigetti Computing Inc,9.0,1.0,0.0,0.25563669866985744,0.0,0.0,0.08521223288995247
RGTI,2024-12,0.06252676454083674,0.2720951774796094,29,0.8218958028431597,Rigetti Computing Inc,20.0,9.0,0.0,0.07246380746364593,0.04044444693459405,0.0,0.03763608479941333
RGTI,2025-01,-0.12069257497787475,0.27306752262120354,35,0.8057141704218728,Rigetti Computing Inc,20.0,15.0,0.0,-0.21121200621128083,0.0,0.0,-0.07040400207042694
RGTI,2025-02,-0.016876474022865295,0.47307891972598565,20,0.8373250305652619,Rigetti Computing Inc,20.0,0.0,0.0,-0.016876474022865295,0.0,0.0,-0.005625491340955098
RGTI,2025-03,-0.14072981606359067,0.41481926028392496,23,0.8190932688505753,Rigetti Computing Inc,20.0,3.0,0.0,-0.12436138093471527,-0.24985271692276,0.0,-0.12473803261915842
RGTI,2025-04,-0.04937840700149536,0.4190675860552019,20,0.8524556517601013,Rigetti Computing Inc,20.0,0.0,0.0,-0.04937840700149536,0.0,0.0,-0.016459469000498453
RGTI,2025-05,-0.08751922327539195,0.48553076249410715,23,0.820682098036227,Rigetti Computing Inc,20.0,3.0,0.0,-0.07031846642494202,-0.20219093561172485,0.0,-0.09083646734555562
RGTI,2025-06,0.09497523903846741,0.43422895131487077,20,0.8556312337517739,Rigetti Computing Inc,20.0,0.0,0.0,0.09497523903846741,0.0,0.0,0.03165841301282247
RGTI,2025-07,0.08126147650182247,0.5146226697267516,32,0.8002686779946089,Rigetti Computing Inc,20.0,3.0,9.0,-0.10774613022804261,0.28405900796254474,0.433679203192393,0.2033306936422984
RGTI,2025-08,0.0,0.0,8,0.8861863166093826,Rigetti Computing Inc,7.0,0.0,1.0,0.0,0.0,0.0,0.0
