Date,NVDA,MU,AAPL,AMD,ASML,MSFT,GOOG
2019-05-24,-0.0755,-0.0588,-0.0545,-0.0393,-0.0583,-0.0144,-0.0251
2019-05-31,-0.068,-0.0417,-0.022,0.036,-0.0093,-0.0205,-0.0267
2019-06-07,0.0715,0.0414,0.0826,0.1676,0.0446,0.0605,-0.0347
2019-06-14,-0.0059,-0.0399,0.0135,-0.0653,-0.0237,0.008,0.018
2019-06-21,0.0481,0.0179,0.0309,-0.0424,0.052,0.0336,0.0331
2019-06-28,0.079,0.1489,-0.0043,0.0427,0.0276,-0.0222,-0.0372
2019-07-05,-0.0247,0.0213,0.0314,0.0365,0.0087,0.0229,0.0458
2019-07-12,0.045,0.1214,-0.0046,0.0529,-0.0075,0.0133,0.0117
2019-07-19,0.0049,0.0224,-0.0035,-0.0213,0.0715,-0.0166,-0.013
2019-07-26,0.0386,0.0424,0.0251,0.0454,0.0318,0.034,0.1012
2019-08-02,-0.0826,-0.0745,-0.0181,-0.1446,-0.0485,-0.0319,-0.0462
2019-08-09,-0.0445,-0.0598,-0.0112,0.1496,-0.018,0.0059,-0.005
2019-08-16,0.0343,0.0477,0.027,-0.0922,-0.0146,-0.0082,-0.0088
2019-08-23,0.0179,-0.0136,-0.0189,-0.054,-0.0111,-0.0203,-0.0226
2019-08-30,0.0317,0.0524,0.0297,0.0627,0.0559,0.033,0.0315
2019-09-06,0.0644,0.0786,0.0214,-0.0287,0.0692,0.009,0.0141
2019-09-13,0.0182,0.0308,0.0254,0.0042,0.0428,-0.0129,0.0283
2019-09-20,-0.0522,-0.0269,-0.0047,-0.0211,-0.0129,0.0153,-0.0078
2019-09-27,-0.0054,-0.129,0.005,-0.0453,-0.0085,-0.0123,-0.0039
2019-10-04,0.0577,0.0305,0.0367,0.01,0.0095,0.0028,-0.0132
2019-10-11,0.0219,0.0123,0.0397,0.0252,0.0552,0.0112,0.0053
2019-10-18,0.0239,-0.0368,0.0008,0.0402,-0.0217,-0.0164,0.0244
2019-10-25,0.0712,0.0998,0.0421,0.0547,0.0369,0.0239,0.0156
2019-11-01,-0.0096,0.0073,0.0368,0.0645,0.0247,0.021,0.0068
2019-11-08,0.0253,-0.0249,0.0197,0.0393,-0.008,0.0155,0.0291
2019-11-15,-0.0174,0.011,0.0214,0.0607,0.0283,0.0271,0.0178
2019-11-22,0.0323,-0.0393,-0.0151,0.0152,-0.0323,0.0009,-0.0301
2019-11-29,0.0281,0.0351,0.0207,0.0,0.0164,0.0119,0.0074
2019-12-06,-0.0213,0.0088,0.0129,0.0122,0.0344,0.0024,0.027
2019-12-13,0.0542,0.066,0.0163,0.0376,0.0344,0.0182,0.0054
2019-12-20,0.0664,0.0727,0.0155,0.0704,0.0127,0.0185,0.0013
2019-12-27,-0.0105,-0.0189,0.0364,0.045,0.0104,0.0098,0.0017
2020-01-03,-0.0034,0.0092,0.026,0.0511,0.0043,-0.0021,0.0065
2020-01-10,0.0344,0.0385,0.0425,-0.0089,-0.006,0.017,0.0495
2020-01-17,0.0201,0.0173,0.0267,0.0557,0.0129,0.0351,0.0348
2020-01-24,0.0048,0.0017,-0.0013,-0.0115,-0.0141,-0.0124,-0.0093
2020-01-31,-0.0577,-0.0843,-0.028,-0.0689,-0.0526,0.031,-0.0224
2020-02-07,0.0621,0.069,0.0358,0.0565,0.0831,0.0772,0.0309
2020-02-14,0.1414,0.0281,0.0153,0.1063,0.0365,0.0079,0.0277
2020-02-21,0.0147,-0.0262,-0.0373,-0.0374,-0.0331,-0.0344,-0.0237
2020-02-28,-0.0845,-0.0809,-0.1356,-0.1583,-0.1006,-0.0974,-0.1033
2020-03-06,-0.015,-0.021,0.0557,0.0661,0.0404,-0.0027,-0.031
2020-03-13,-0.0995,-0.18,-0.039,-0.1015,-0.1145,-0.0171,-0.0625
2020-03-20,-0.1575,-0.1744,-0.1927,-0.1028,-0.1731,-0.1453,-0.1288
2020-03-27,0.2057,0.1857,0.0776,0.1621,0.1561,0.0861,0.0352
2020-04-03,-0.0355,-0.0534,-0.0259,-0.0896,-0.0322,0.0272,-0.0116
2020-04-10,0.0752,0.1125,0.1045,0.1275,0.1237,0.0709,0.0984
2020-04-17,0.1059,-0.0094,0.0538,0.1569,0.0658,0.0784,0.0576
2020-04-24,-0.0094,-0.0343,0.0006,-0.0074,-0.0079,-0.0229,-0.0031
2020-05-01,-0.0238,0.0202,0.0213,-0.1189,-0.0448,0.0001,0.0318
2020-05-08,0.0999,0.0684,0.073,0.0643,0.0869,0.0563,0.05
2020-05-15,0.0833,-0.0829,-0.0078,0.0188,-0.0397,-0.0083,-0.011
2020-05-22,0.0612,0.0119,0.0357,0.0177,0.0877,0.0047,0.0268
2020-05-29,-0.0168,0.064,-0.003,-0.0251,0.0313,-0.0014,0.013
2020-06-05,0.0055,0.1145,0.0418,-0.0131,0.0807,0.0213,0.0066
2020-06-12,0.0014,-0.0983,0.0218,0.0075,-0.0404,0.0029,-0.0177
2020-06-19,0.0361,0.043,0.0317,0.0136,0.05,0.0387,0.013
2020-06-26,-0.0115,-0.0471,0.0111,-0.0792,0.003,0.006,-0.0515
2020-07-03,0.0487,0.0273,0.0292,0.0437,0.0312,0.0493,0.0742
2020-07-10,0.0864,0.0173,0.0524,0.0654,0.0589,0.0353,0.0513
2020-07-17,-0.0269,-0.0246,0.0042,-0.0151,-0.0315,-0.0518,-0.0171
2020-07-24,-0.0007,0.0111,-0.0393,0.2318,-0.0424,-0.0078,-0.0024
2020-07-31,0.0404,0.0008,0.1374,0.1095,-0.0387,0.0183,-0.0193
2020-08-07,0.0536,-0.0265,0.0465,0.0915,0.0343,0.0358,0.0077
2020-08-14,0.032,-0.0668,0.0336,-0.0427,0.0136,-0.017,0.0088
2020-08-21,0.0924,-0.0666,0.0791,0.0304,0.0027,0.0219,0.0471
2020-08-28,0.0359,0.0686,0.0035,0.0205,0.0196,0.0719,0.0397
2020-09-04,-0.0405,0.0171,-0.0313,-0.0423,-0.0323,-0.0662,-0.033
2020-09-11,-0.037,-0.0084,-0.077,-0.0716,-0.0225,-0.0489,-0.0452
2020-09-18,0.002,0.0961,-0.0472,-0.0186,0.0196,-0.018,-0.0408
2020-09-25,0.0546,-0.032,0.0497,0.0409,-0.0161,0.0364,-0.0103
2020-10-02,0.0145,-0.0541,0.0066,0.0468,0.0261,-0.0079,0.0093
2020-10-09,0.0522,0.0693,0.0344,0.0158,0.0501,0.0456,0.0382
2020-10-16,0.0035,0.0339,0.0174,0.0008,-0.0054,0.0177,0.0374
2020-10-23,-0.0161,0.0237,-0.034,-0.0147,-0.0218,-0.0157,0.0423
2020-10-30,-0.0809,-0.0487,-0.0552,-0.0849,-0.0469,-0.0658,-0.0123
2020-11-06,0.15,0.0914,0.0882,0.1316,0.1214,0.0998,0.0833
2020-11-13,-0.0909,0.049,0.0048,-0.0532,0.0323,-0.0328,0.0086
2020-11-20,-0.0159,0.0582,-0.0162,0.0387,0.0095,-0.0261,-0.0198
2020-11-27,0.0132,0.0451,-0.0064,0.0297,0.0329,0.0227,0.0289
2020-12-04,0.0224,0.1326,0.0474,0.0756,0.059,-0.0041,0.0192
2020-12-11,-0.041,-0.0391,0.0013,-0.0257,-0.0256,-0.0051,-0.0256
2020-12-18,0.0197,0.0131,0.0341,0.0455,0.0529,0.0247,-0.0289
2020-12-25,-0.0212,-0.0124,0.0411,-0.0438,0.0122,0.0189,0.0045
2021-01-01,0.0047,0.0631,0.0054,-0.0011,0.0095,-0.0015,0.0075
2021-01-08,0.0168,0.0294,-0.0048,0.0308,0.0422,-0.0127,0.0311
2021-01-15,-0.0319,0.0417,-0.0379,-0.0697,0.0362,-0.0323,-0.0401
2021-01-22,0.0642,0.0191,0.0897,0.0506,0.0765,0.0607,0.0907
2021-01-29,-0.0541,-0.05,-0.0525,-0.0802,-0.064,0.0263,-0.035
2021-02-05,0.0452,0.0355,0.0372,0.026,0.0343,0.0432,0.1335
2021-02-12,0.0961,0.0818,-0.0102,0.0646,0.0786,0.0115,0.0029
2021-02-19,-0.0023,0.033,-0.0415,-0.0457,-0.006,-0.0142,-0.0014
2021-02-26,-0.0847,0.0062,-0.0686,-0.0583,-0.047,-0.0363,-0.0311
2021-03-05,-0.0958,-0.0288,0.0013,-0.0735,-0.0732,-0.0034,0.0346
2021-03-12,0.0315,-0.0131,-0.0032,0.0317,0.0199,0.0178,-0.0224
2021-03-19,-0.0008,0.0307,-0.0086,-0.0249,0.018,-0.0232,-0.0091
2021-03-26,-0.0005,-0.0282,0.0101,-0.0211,0.1336,0.0263,-0.0038
2021-04-02,0.073,0.049,0.0147,0.0464,0.0181,0.0245,0.049
2021-04-09,0.0417,0.0308,0.0782,0.0204,-0.0044,0.0542,0.067
2021-04-16,0.0999,-0.0499,0.0087,-0.0074,0.0178,0.0189,0.0052
2021-04-23,-0.0415,-0.0524,0.0012,0.0074,0.0383,0.0016,0.0076
2021-04-30,-0.0169,0.0005,-0.0215,-0.0139,-0.0346,-0.035,0.0401
2021-05-07,-0.0132,-0.001,-0.0079,-0.035,0.0189,0.0011,-0.0048
2021-05-14,-0.0392,-0.0758,-0.0214,-0.055,-0.0166,-0.0172,-0.035
2021-05-21,0.0512,0.0127,-0.016,0.034,-0.0133,-0.0098,0.0124
2021-05-28,0.0803,0.0415,-0.0066,0.037,0.0552,0.0182,0.0279
2021-06-04,0.0789,-0.0045,0.0102,0.0186,0.0115,0.0044,0.0165
2021-06-11,0.0142,-0.0542,0.0115,-0.0033,0.0199,0.0279,0.025
2021-06-18,0.0446,-0.0306,0.0241,0.0403,-0.038,0.006,-0.001
2021-06-25,0.0208,0.0639,0.0201,0.0114,0.0223,0.0213,0.0113
2021-07-02,0.0737,-0.0209,0.0502,0.1008,0.0019,0.0466,0.0135
2021-07-09,-0.0215,-0.02,0.0361,-0.041,0.0055,0.001,0.0066
2021-07-16,-0.099,-0.0485,0.0088,-0.0567,-0.0057,0.0101,0.0174
2021-07-23,0.0741,0.0123,0.0147,0.0704,0.0846,0.0313,0.0443
2021-07-30,-0.003,0.0214,-0.0183,0.1418,0.0246,-0.0166,-0.019
2021-08-06,0.0435,0.0554,0.0034,0.0362,0.0213,0.0158,0.0133
2021-08-13,-0.0088,-0.1452,0.0201,0.004,0.0072,0.0116,0.0099
2021-08-20,0.0306,-0.0098,-0.0061,-0.0548,-0.001,0.0405,0.0002
2021-08-27,0.0838,0.0523,0.0028,0.0625,0.0552,-0.0154,0.0432
2021-09-03,0.0093,-0.0026,0.0376,-0.0134,0.0298,0.0047,0.0016
2021-09-10,-0.0161,-0.0042,-0.0352,-0.0439,0.0009,-0.0182,-0.0199
2021-09-17,-0.0261,0.0108,-0.0197,-0.0126,0.0011,0.014,-0.0032
2021-09-24,0.0082,-0.0034,0.0059,0.0183,0.0104,-0.0017,0.0082
2021-10-01,-0.0626,-0.0408,-0.0295,-0.0322,-0.158,-0.0348,-0.0442
2021-10-08,0.0043,-0.0123,0.0018,0.0252,-0.0157,0.0197,0.026
2021-10-15,0.0483,-0.0354,0.0135,0.065,0.0779,0.0313,0.0115
2021-10-22,0.0388,-0.0025,0.0262,0.0664,0.0146,0.0161,-0.0218
2021-10-29,0.1178,0.0233,0.0074,0.0034,0.0148,0.0701,0.0673
2021-11-05,0.1516,0.0538,0.0113,0.1257,0.0437,0.0133,0.0065
2021-11-12,0.0212,0.0583,-0.0086,0.0813,0.0055,0.002,0.0027
2021-11-19,0.0819,0.0715,0.068,0.0496,0.0065,0.0206,0.002
2021-11-26,-0.046,0.0047,-0.0236,-0.0039,-0.0918,-0.0399,-0.0488
2021-12-03,-0.0259,-0.0218,0.0316,-0.0723,-0.0135,-0.0204,-0.002
2021-12-10,-0.0163,0.0469,0.1033,-0.0387,0.0133,0.0587,0.0423
2021-12-17,-0.0827,-0.0301,-0.0474,-0.0058,-0.0418,-0.0563,-0.0403
2021-12-24,0.0641,0.1289,0.0296,0.0591,0.0665,0.0331,0.0299
2021-12-31,-0.0078,-0.0125,0.0073,-0.0154,-0.0066,0.0049,-0.0169
2022-01-07,-0.0764,0.0139,-0.0309,-0.0863,-0.0516,-0.0685,-0.0545
2022-01-14,-0.0113,0.0303,0.0052,0.0363,-0.0154,-0.0123,0.0201
2022-01-21,-0.1421,-0.1726,-0.0636,-0.1416,-0.0692,-0.0468,-0.0719
2022-01-28,-0.0231,-0.033,0.0476,-0.1213,-0.0743,0.0405,0.0243
2022-02-04,0.0627,0.0237,0.0133,0.1608,0.0121,-0.0076,0.0704
2022-02-11,-0.0153,0.1006,-0.022,-0.0881,-0.0384,-0.0363,-0.0641
2022-02-18,-0.0129,0.0115,-0.008,0.0057,0.0307,-0.0223,-0.0277
2022-02-25,0.0215,-0.0077,-0.0148,0.0616,0.0293,0.0321,0.0306
2022-03-04,-0.0517,-0.0953,-0.0102,-0.1104,-0.1156,-0.0254,-0.018
2022-03-11,-0.0371,-0.1176,-0.0531,-0.0387,-0.0144,-0.0344,-0.0125
2022-03-18,0.1798,0.0866,0.0581,0.0843,0.1488,0.0702,0.0473
2022-03-25,0.0458,-0.0166,0.0634,0.0533,0.011,0.0108,0.0339
2022-04-01,-0.036,-0.0249,-0.0023,-0.1008,-0.029,0.0187,-0.0058
2022-04-08,-0.1445,-0.0531,-0.0245,-0.0688,-0.0889,-0.0411,-0.0487
2022-04-15,-0.0839,-0.0283,-0.0286,-0.0819,-0.0216,-0.0594,-0.0517
2022-04-22,-0.0855,-0.0103,-0.0214,-0.0543,0.0162,-0.0209,-0.0619
2022-04-29,-0.0509,-0.0177,-0.0259,-0.0302,-0.0749,0.0127,-0.0396
2022-05-06,0.0069,0.0312,-0.0009,0.1087,-0.0161,-0.0101,0.006
2022-05-13,-0.0533,0.0221,-0.0668,-0.0023,-0.0049,-0.0508,0.0074
2022-05-20,-0.0589,-0.0429,-0.0669,-0.0172,-0.0286,-0.031,-0.0638
2022-05-27,0.1194,0.0622,0.084,0.0896,0.0906,0.0787,0.0314
2022-06-03,-0.0048,-0.0472,-0.0289,0.0387,-0.0344,-0.0119,0.0155
2022-06-10,-0.0977,-0.1106,-0.0584,-0.1143,-0.0777,-0.0651,-0.0278
2022-06-17,-0.0666,-0.1162,-0.0415,-0.1505,-0.0969,-0.0213,-0.0325
2022-06-24,0.0755,0.0471,0.074,0.0654,0.0848,0.0779,0.0943
2022-07-01,-0.1649,-0.0855,-0.0195,-0.1672,-0.1358,-0.0308,-0.0831
2022-07-08,0.0867,0.0994,0.0567,0.0743,0.0069,0.0307,0.0968
2022-07-15,-0.0048,0.0396,0.0211,0.0219,0.0489,-0.0417,-0.0636
2022-07-22,0.0942,-0.0039,0.0258,0.0827,0.1162,0.0141,-0.0399
2022-07-29,0.0476,0.0093,0.0532,0.0698,0.0725,0.0754,0.0736
2022-08-05,0.0445,0.0097,0.0187,0.0797,0.0074,0.0077,0.0135
2022-08-12,-0.0149,0.0405,0.04,-0.0146,-0.0023,0.0313,0.0368
2022-08-19,-0.0471,-0.0722,-0.0034,-0.0496,-0.0548,-0.0178,-0.0376
2022-08-26,-0.0932,-0.0488,-0.0472,-0.051,-0.067,-0.0652,-0.0595
2022-09-02,-0.1752,-0.0228,-0.0489,-0.1278,-0.0876,-0.0459,-0.0238
2022-09-09,0.0531,0.0195,0.01,0.0629,0.0699,0.0323,0.0281
2022-09-16,-0.0863,-0.0833,-0.0433,-0.1105,-0.0697,-0.0775,-0.0757
2022-09-23,-0.0531,-0.0534,-0.0018,-0.1185,-0.0689,-0.0283,-0.044
2022-09-30,-0.0306,0.0,-0.0848,-0.0701,-0.0488,-0.0213,-0.0309
2022-10-07,-0.0052,0.0567,0.0136,-0.0808,0.0445,0.0057,0.035
2022-10-14,-0.0729,-0.0036,-0.0123,-0.0437,-0.1358,-0.0245,-0.0243
2022-10-21,0.1047,0.0612,0.0623,0.0502,0.1982,0.0576,0.0433
2022-10-28,0.1041,-0.0365,0.0559,0.0528,0.0567,-0.0262,-0.0495
2022-11-04,0.023,0.0385,-0.1165,0.0029,-0.0396,-0.0634,-0.1079
2022-11-11,0.1427,0.1073,0.0786,0.1516,0.2068,0.1099,0.1095
2022-11-18,-0.0579,-0.0651,0.0106,0.0164,0.0286,-0.0213,0.011
2022-11-25,0.0544,-0.0029,-0.0212,0.0211,-0.0022,0.0257,-0.002
2022-12-02,0.0368,-0.066,-0.002,-0.0021,0.0232,0.03,0.0326
2022-12-09,0.0074,0.0035,-0.039,-0.0891,-0.0133,-0.0384,-0.0801
2022-12-16,-0.0256,-0.0524,-0.0553,-0.0475,-0.0399,-0.003,-0.024
2022-12-23,-0.086,-0.0366,-0.0199,-0.0137,-0.0408,-0.0247,-0.0116
2022-12-30,-0.0397,-0.0021,-0.0147,0.0039,-0.0091,0.0046,-0.0121
2023-01-06,0.0166,0.1274,-0.0024,-0.0126,0.0866,-0.0641,-0.0064
2023-01-13,0.1286,0.0028,0.0389,0.1044,0.1018,0.0616,0.0513
2023-01-20,0.0541,0.0265,0.0228,-0.0132,-0.0166,0.0041,0.0675
2023-01-27,0.1324,0.0885,0.0568,0.0733,0.0282,0.0325,0.0143
2023-02-03,0.0355,-0.0231,0.0571,0.1326,0.0182,0.0402,0.0438
2023-02-10,0.0078,-0.0424,-0.0213,-0.055,-0.0327,0.0182,-0.1037
2023-02-17,0.0058,-0.0136,0.0101,-0.0373,-0.0068,-0.0168,-0.0029
2023-02-24,0.085,-0.0142,-0.039,-0.0052,-0.0528,-0.0349,-0.057
2023-03-03,0.0256,-0.0244,0.029,0.043,0.0303,0.0241,0.0509
2023-03-10,-0.0393,-0.0331,-0.0169,0.014,-0.0584,-0.0266,-0.0325
2023-03-17,0.1135,0.031,0.0428,0.1685,0.0526,0.1169,0.1185
2023-03-24,0.0402,0.0764,0.0333,0.0011,0.0216,0.0041,0.0345
